sample_id,row,col,x,y,elevation,slope_pct,dist_water_m,dist_urban_m,dist_protected_m,nvz,SI_true,SI_obs,block_x,block_y,block_id,split
1,277,505,608325.0,4662450.0,334.8880310058594,0.28997018933296204,175.0,336.3406066894531,1068.00048828125,1,56.57429504394531,47.75878143310547,304,2331,304_2331,train
2,380,501,608225.0,4659875.0,347.72003173828125,8.272714614868164,2135.708251953125,564.0256958007812,2975.9453125,0,83.45457458496094,83.50377655029297,304,2329,304_2329,train
3,308,508,608400.0,4661675.0,347.90802001953125,3.995361804962158,934.0770874023438,353.55340576171875,1538.058837890625,0,84.68695068359375,82.12577819824219,304,2330,304_2330,train
4,313,412,606000.0,4661550.0,349.4980163574219,2.3409643173217773,35.35533905029297,246.22145080566406,1269.3502197265625,0,60.57542419433594,58.8749885559082,303,2330,303_2330,train
5,396,404,605800.0,4659475.0,371.9560241699219,5.495234966278076,1668.8319091796875,467.0385437011719,2342.007568359375,0,87.36145782470703,82.08301544189453,302,2329,302_2329,test
6,362,412,606000.0,4660325.0,370.0318603515625,5.6142473220825195,801.5609741210938,512.9570922851562,2395.4384765625,0,88.7715072631836,89.2195816040039,303,2330,303_2330,train
7,335,607,610875.0,4661000.0,370.8270568847656,9.411806106567383,2084.6162109375,469.7073669433594,3980.34228515625,0,79.66175842285156,81.41023254394531,305,2330,305_2330,train
8,470,413,606025.0,4657625.0,325.3600158691406,5.232520580291748,25.0,579.8706665039062,583.630859375,0,56.20906448364258,60.26890182495117,303,2328,303_2328,train
9,263,596,610600.0,4662800.0,349.14117431640625,3.3709545135498047,1250.0,581.4851684570312,3251.5380859375,1,65.2806625366211,71.53669738769531,305,2331,305_2331,train
10,332,762,614750.0,4661075.0,290.6679992675781,3.890850067138672,279.50848388671875,500.0,725.430908203125,1,58.552513122558594,52.857887268066406,307,2330,307_2330,test
11,364,415,606075.0,4660275.0,367.1520080566406,3.27744197845459,850.0,531.5072631835938,2421.001953125,0,93.44511413574219,82.6202621459961,303,2330,303_2330,train
12,79,647,611875.0,4667400.0,282.4305725097656,10.580487251281738,525.5949096679688,509.9019470214844,536.7727661132812,1,47.080841064453125,40.409873962402344,305,2333,305_2333,test
13,242,698,613150.0,4663325.0,342.4960021972656,8.394173622131348,1098.294189453125,638.8466186523438,2683.39794921875,1,58.2481575012207,46.997535705566406,306,2331,306_2331,train
14,263,574,610050.0,4662800.0,345.87060546875,1.918512225151062,700.0,784.6177368164062,2701.851318359375,1,67.31407928466797,77.32156372070312,305,2331,305_2331,train
15,316,522,608750.0,4661475.0,348.0560302734375,2.3342225551605225,1226.02001953125,602.0797119140625,1930.8353271484375,0,95.33155822753906,90.62682342529297,304,2330,304_2330,train
16,447,406,605850.0,4658200.0,349.3280029296875,6.149170398712158,502.4937744140625,250.0,1144.8253173828125,0,75.20166015625,76.98915100097656,302,2329,302_2329,test
17,465,469,607425.0,4657750.0,317.4520263671875,2.562669277191162,626.996826171875,795.6915283203125,866.7467651367188,0,91.54332733154297,79.64025115966797,303,2328,303_2328,train
18,410,531,608975.0,4659125.0,321.5840148925781,1.971675992012024,2136.147216796875,494.9747619628906,2917.297607421875,0,95.80538177490234,95.24668884277344,304,2329,304_2329,train
19,471,391,605475.0,4657600.0,332.08203125,4.674133777618408,55.90169906616211,596.343017578125,1017.6566162109375,0,70.31021118164062,61.101768493652344,302,2328,302_2328,train
20,294,510,608450.0,4662025.0,338.75201416015625,0.632614254951477,612.8825073242188,661.9100952148438,1359.4576416015625,0,98.73477172851562,94.53392791748047,304,2331,304_2331,train
21,675,785,615325.0,4652500.0,302.4840087890625,1.1146236658096313,3132.98974609375,106.0660171508789,6588.72119140625,1,54.65183639526367,53.04339599609375,307,2326,307_2326,train
22,477,332,604000.0,4657450.0,353.5240173339844,4.510761260986328,820.0609741210938,427.9310607910156,2206.3828125,0,87.37503051757812,97.67333221435547,302,2328,302_2328,train
23,272,559,609675.0,4662575.0,345.4139099121094,5.5948262214660645,395.2846984863281,620.9871215820312,2347.605224609375,1,62.16724395751953,63.60810089111328,304,2331,304_2331,train
24,170,624,611300.0,4665125.0,311.4630126953125,3.7617900371551514,1133.578369140625,502.4937744140625,2749.6591796875,1,64.7334976196289,69.2160415649414,305,2332,305_2332,train
25,411,518,608650.0,4659100.0,320.90802001953125,2.384369373321533,2117.929443359375,763.2168579101562,2682.46630859375,0,95.23126220703125,95.15963745117188,304,2329,304_2329,train
26,387,501,608225.0,4659700.0,342.78460693359375,11.016739845275879,2294.695068359375,735.6969604492188,2962.7900390625,0,77.96652221679688,76.56669616699219,304,2329,304_2329,train
27,463,332,604000.0,4657800.0,361.14801025390625,2.1144227981567383,1070.0467529296875,583.630859375,2348.536865234375,0,95.77114868164062,80.68846130371094,302,2328,302_2328,train
28,472,417,606125.0,4657575.0,326.47601318359375,6.454620361328125,55.90169906616211,625.4998168945312,477.62432861328125,0,53.689849853515625,59.176597595214844,303,2328,303_2328,train
29,294,525,608825.0,4662025.0,344.656005859375,4.512392520904541,781.0249633789062,667.0831909179688,1688.564453125,0,90.97521209716797,100.0,304,2331,304_2331,train
30,442,468,607400.0,4658325.0,324.8927001953125,1.316533088684082,1171.80419921875,579.8706665039062,1364.0472412109375,0,97.36693572998047,87.59617614746094,303,2329,303_2329,test
31,538,287,602875.0,4655925.0,373.4659118652344,5.749255180358887,2046.03271484375,279.50848388671875,3286.715576171875,0,77.47691345214844,81.7701644897461,301,2327,301_2327,train
32,324,430,606450.0,4661275.0,349.7960205078125,1.2216497659683228,276.134033203125,772.1722412109375,1358.537841796875,0,95.56787109375,94.01866149902344,303,2330,303_2330,train
33,283,747,614375.0,4662300.0,311.18402099609375,3.413728952407837,930.3897094726562,279.50848388671875,1250.9996337890625,0,82.14796447753906,68.1931381225586,307,2331,307_2331,test
34,426,428,606400.0,4658725.0,338.8254089355469,5.036343574523926,1140.449462890625,570.6356201171875,1500.8331298828125,0,89.92731475830078,80.29927062988281,303,2329,303_2329,test
35,418,374,605050.0,4658925.0,375.8680114746094,8.409478187561035,1364.2763671875,215.05813598632812,2202.271484375,0,68.93395233154297,71.15753173828125,302,2329,302_2329,test
36,276,557,609625.0,4662475.0,347.260009765625,2.089545249938965,424.2640686035156,673.1456298828125,2314.357421875,1,67.07463836669922,62.947235107421875,304,2331,304_2331,train
37,533,283,602775.0,4656050.0,375.4800109863281,2.26906156539917,2079.813720703125,150.0,3358.6640625,0,77.96187591552734,84.15827941894531,301,2328,301_2328,train
38,392,535,609075.0,4659575.0,335.9720153808594,3.9128057956695557,2351.196533203125,141.42135620117188,3319.356201171875,0,74.24545288085938,77.3250503540039,304,2329,304_2329,train
39,381,496,608100.0,4659850.0,346.39404296875,4.727818489074707,2101.3388671875,626.996826171875,2956.77197265625,0,90.54435729980469,90.37492370605469,304,2329,304_2329,train
40,310,520,608700.0,4661625.0,345.0630187988281,4.829971790313721,1068.00048828125,585.2349853515625,1796.0025634765625,0,90.34005737304688,89.56112670898438,304,2330,304_2330,train
41,395,690,612950.0,4659500.0,383.74603271484375,5.756584167480469,1119.4306640625,525.0,2520.168701171875,0,88.48683166503906,97.0561294555664,306,2329,306_2329,train
42,317,427,606375.0,4661450.0,347.0680236816406,2.0618176460266113,141.42135620117188,632.4555053710938,1209.5970458984375,0,82.6614761352539,93.47630310058594,303,2330,303_2330,train
43,401,408,605900.0,4659350.0,365.4980163574219,5.400286674499512,1650.0,617.4544677734375,2195.022705078125,0,89.19943237304688,83.5738525390625,302,2329,302_2329,test
44,439,418,606150.0,4658400.0,345.66400146484375,5.669449329376221,743.303466796875,176.77670288085938,1212.6932373046875,0,72.49993133544922,70.00550079345703,303,2329,303_2329,test
45,321,470,607450.0,4661350.0,349.7960205078125,3.41939377784729,474.3416442871094,625.0,1334.1663818359375,0,93.16121673583984,76.58186340332031,303,2330,303_2330,train
46,313,427,606375.0,4661550.0,345.94403076171875,3.1038858890533447,79.05693817138672,570.0877075195312,1114.9552001953125,0,75.38031005859375,71.98052215576172,303,2330,303_2330,train
47,365,531,608975.0,4660250.0,369.34002685546875,8.917356491088867,2245.133544921875,529.740478515625,2996.35205078125,0,82.16529083251953,94.9970474243164,304,2330,304_2330,train
48,350,661,612225.0,4660625.0,379.3080139160156,14.715907096862793,883.5298461914062,357.9455261230469,3265.348388671875,0,63.4654655456543,69.95462036132812,306,2330,306_2330,train
49,439,499,608175.0,4658400.0,330.4360046386719,6.01132345199585,1414.213623046875,127.4754867553711,1841.53466796875,0,69.35112762451172,69.66101837158203,304,2329,304_2329,train
50,435,457,607125.0,4658500.0,332.8026123046875,4.738044261932373,1309.8187255859375,853.3024291992188,1411.5594482421875,0,90.52391052246094,98.74034881591797,303,2329,303_2329,test
51,427,512,608500.0,4658700.0,322.47601318359375,7.611343860626221,1704.58935546875,527.3755493164062,2282.131591796875,0,84.77731323242188,77.96177673339844,304,2329,304_2329,train
52,479,422,606250.0,4657400.0,323.9120178222656,10.878769874572754,55.90169906616211,538.5164794921875,265.7536315917969,0,39.544776916503906,42.693668365478516,303,2328,303_2328,train
53,182,879,617675.0,4664825.0,260.176025390625,0.37774673104286194,694.6221923828125,447.2135925292969,500.0,1,58.87363052368164,61.162498474121094,308,2332,308_2332,train
54,473,398,605650.0,4657550.0,329.08001708984375,2.3850090503692627,90.13877868652344,772.1722412109375,838.5255126953125,0,73.70468139648438,67.97681427001953,302,2328,302_2328,train
55,434,329,603925.0,4658525.0,369.0821228027344,4.380372047424316,1706.055419921875,798.8272705078125,2819.241943359375,0,91.2392578125,97.93485260009766,301,2329,301_2329,test
56,253,577,610125.0,4663050.0,343.5160217285156,4.819744110107422,814.3248901367188,772.1722412109375,2777.81396484375,1,63.252357482910156,76.22605895996094,305,2331,305_2331,train
57,506,639,611675.0,4656725.0,290.87200927734375,1.0405306816101074,55.90169906616211,106.0660171508789,4454.4921875,0,57.88071823120117,56.57487487792969,305,2328,305_2328,train
58,476,426,606350.0,4657475.0,329.96002197265625,9.377179145812988,175.0,485.4122009277344,269.25823974609375,0,51.8310432434082,49.54130554199219,303,2328,303_2328,train
59,351,550,609450.0,4660600.0,380.07342529296875,11.657373428344727,2178.589111328125,781.4249877929688,3040.55908203125,0,76.68525695800781,69.58412170410156,304,2330,304_2330,train
60,440,471,607475.0,4658375.0,325.25799560546875,4.404381275177002,1236.931640625,500.6246032714844,1442.4371337890625,0,91.19123840332031,84.79584503173828,303,2329,303_2329,test
61,282,483,607775.0,4662325.0,338.1593017578125,0.3603355586528778,90.13877868652344,860.2325439453125,637.37744140625,1,50.90773391723633,44.30729675292969,303,2331,303_2331,test
62,293,452,607000.0,4662050.0,342.5660095214844,0.5615350604057312,50.0,800.3905029296875,585.2349853515625,1,47.372127532958984,43.94950866699219,303,2331,303_2331,test
63,450,426,606350.0,4658125.0,337.8506164550781,2.017493486404419,605.1859130859375,246.22145080566406,905.5385131835938,0,80.91454315185547,88.11211395263672,303,2329,303_2329,test
64,313,457,607125.0,4661550.0,343.1440124511719,1.3448017835617065,180.27755737304688,965.9839477539062,1099.1473388671875,0,87.33352661132812,92.282470703125,303,2330,303_2330,train
65,348,426,606350.0,4660675.0,368.4480285644531,6.158324718475342,527.3755493164062,1007.7822265625,1966.1192626953125,0,87.683349609375,74.32621765136719,303,2330,303_2330,train
66,377,411,605975.0,4659950.0,378.8800048828125,1.054210901260376,1177.3912353515625,301.03985595703125,2761.000732421875,0,87.94357299804688,96.56334686279297,302,2329,302_2329,test
67,334,601,610725.0,4661025.0,371.8810119628906,5.735696792602539,2231.871337890625,403.1128845214844,3834.872802734375,0,83.68424987792969,99.0145034790039,305,2330,305_2330,train
68,206,863,617275.0,4664225.0,258.11199951171875,1.1072736978530884,686.4765014648438,800.0,679.1538696289062,1,62.83501052856445,58.059181213378906,308,2332,308_2332,train
69,337,599,610675.0,4660950.0,370.0760192871094,3.8424861431121826,2270.049560546875,447.2135925292969,3825.0,0,89.67570495605469,81.64043426513672,305,2330,305_2330,train
70,478,448,606900.0,4657425.0,319.3860168457031,6.161746978759766,235.8495330810547,235.8495330810547,340.0367736816406,0,52.624027252197266,55.02732849121094,303,2328,303_2328,train
71,367,398,605650.0,4660200.0,395.7760314941406,8.101740837097168,996.242919921875,250.0,2632.726806640625,0,71.29651641845703,70.1691665649414,302,2330,302_2330,train
72,366,399,605675.0,4660225.0,394.6200256347656,5.998783588409424,965.012939453125,276.134033203125,2600.0,0,76.80913543701172,84.00548553466797,302,2330,302_2330,train
73,420,342,604250.0,4658875.0,370.4040222167969,6.9467267990112305,1700.3675537109375,649.0377197265625,2740.89404296875,0,86.1065444946289,81.79734802246094,302,2329,302_2329,test
74,466,443,606775.0,4657725.0,322.5743713378906,2.727637767791748,459.6194152832031,500.0,561.8051147460938,0,83.58985137939453,80.02095794677734,303,2328,303_2328,train
75,249,588,610400.0,4663150.0,342.1080017089844,2.349306344985962,1106.7972412109375,583.630859375,3058.287841796875,1,66.71096801757812,58.037925720214844,305,2331,305_2331,train
76,274,574,610050.0,4662525.0,349.16802978515625,2.3420443534851074,752.0804443359375,660.4922485351562,2725.917236328125,1,66.72113800048828,61.31122589111328,305,2331,305_2331,train
77,381,418,606150.0,4659850.0,373.7480163574219,5.618035793304443,1277.2039794921875,480.8846130371094,2642.087158203125,0,87.80815887451172,94.23724365234375,303,2329,303_2329,test
78,419,551,609475.0,4658900.0,315.8600158691406,3.601717472076416,1600.781005859375,340.0367736816406,3140.063720703125,0,84.79840087890625,86.06787109375,304,2329,304_2329,train
79,315,521,608725.0,4661500.0,347.259033203125,2.237398147583008,1193.995361328125,579.8706665039062,1895.553955078125,0,95.52519989013672,100.0,304,2330,304_2330,train
80,653,784,615300.0,4653050.0,297.5823669433594,1.3016127347946167,2730.613525390625,150.0,6041.78173828125,1,55.92774200439453,60.39170837402344,307,2326,307_2326,train
81,418,524,608800.0,4658925.0,316.8600158691406,4.371334552764893,1971.357421875,760.3453369140625,2651.88623046875,0,91.25733184814453,99.94229888916016,304,2329,304_2329,train
82,318,467,607375.0,4661425.0,347.6000061035156,4.666090965270996,382.42645263671875,701.783447265625,1245.4918212890625,0,90.66781616210938,90.76924896240234,303,2330,303_2330,train
83,182,704,613300.0,4664825.0,293.2220153808594,3.441429615020752,550.56787109375,127.4754867553711,1856.0711669921875,1,52.14364242553711,55.165191650390625,306,2332,306_2332,train
84,454,379,605175.0,4658025.0,343.54400634765625,4.451725959777832,469.7073669433594,223.60679626464844,1491.0147705078125,0,77.27689361572266,71.77578735351562,302,2329,302_2329,test
85,327,414,606050.0,4661200.0,352.7440185546875,5.909334182739258,25.0,527.3755493164062,1556.03662109375,0,65.26466369628906,56.81633377075195,303,2330,303_2330,train
86,301,480,607700.0,4661850.0,340.4880065917969,2.1265981197357178,254.9509735107422,602.0797119140625,961.7692260742188,0,91.03694915771484,86.26742553710938,303,2330,303_2330,train
87,146,706,613350.0,4665725.0,286.364013671875,11.195605278015137,612.8825073242188,336.3406066894531,1047.01953125,1,48.59807586669922,51.330265045166016,306,2332,306_2332,train
88,363,517,608625.0,4660300.0,367.260009765625,7.507929801940918,1975.6328125,279.50848388671875,2765.976318359375,0,73.95956420898438,74.42315673828125,304,2330,304_2330,train
89,314,535,609075.0,4661525.0,351.76800537109375,3.4670937061309814,1274.7548828125,926.350341796875,2156.67578125,0,93.06581115722656,100.0,304,2330,304_2330,train
90,361,426,606350.0,4660350.0,373.572021484375,3.378408432006836,822.34423828125,797.65283203125,2285.279052734375,0,93.24317932128906,85.9864273071289,303,2330,303_2330,train
91,424,476,607600.0,4658775.0,334.13201904296875,0.8622477054595947,1655.4832763671875,512.9570922851562,1856.239501953125,0,98.27549743652344,96.82196044921875,303,2329,303_2329,test
92,443,420,606200.0,4658300.0,344.52191162109375,3.302785873413086,670.8203735351562,106.0660171508789,1103.68701171875,0,73.6977310180664,71.69048309326172,303,2329,303_2329,test
93,269,564,609800.0,4662650.0,346.4040222167969,4.680004596710205,474.3416442871094,654.3126220703125,2462.72216796875,1,63.447994232177734,57.41283416748047,304,2331,304_2331,train
94,343,511,608475.0,4660800.0,389.9115295410156,6.873264789581299,1502.7059326171875,388.1043701171875,2260.669189453125,0,80.65869140625,82.1453857421875,304,2330,304_2330,train
95,105,858,617150.0,4666750.0,260.02001953125,0.18755827844142914,1685.600830078125,614.918701171875,1450.2154541015625,1,69.73741912841797,62.14637756347656,308,2333,308_2333,train
96,641,796,615600.0,4653350.0,304.06402587890625,6.782498359680176,2795.755615234375,257.3907470703125,5726.96484375,0,74.3045425415039,72.32301330566406,307,2326,307_2326,train
97,398,480,607700.0,4659425.0,347.6310119628906,7.654033660888672,2294.013916015625,637.37744140625,2493.115478515625,0,84.69193267822266,78.11531066894531,303,2329,303_2329,test
98,270,534,609050.0,4662625.0,336.84002685546875,0.9140576124191284,305.16387939453125,378.3186340332031,1722.0989990234375,0,92.08781433105469,89.22931671142578,304,2331,304_2331,train
99,433,401,605725.0,4658550.0,352.6960144042969,7.9665327072143555,867.8277587890625,492.4429016113281,1510.3807373046875,0,83.68907928466797,81.65876770019531,302,2329,302_2329,test
100,650,786,615350.0,4653125.0,296.9540100097656,2.2772176265716553,2721.327880859375,182.00274658203125,5963.43017578125,1,55.6819953918457,50.722991943359375,307,2326,307_2326,train
101,430,358,604650.0,4658625.0,364.6360168457031,11.661330223083496,1255.4879150390625,316.2277526855469,2272.66357421875,0,67.48873138427734,70.5696792602539,302,2329,302_2329,test
102,254,548,609400.0,4663025.0,340.8160095214844,5.8681745529174805,213.60009765625,106.0660171508789,2052.4375,1,42.95687484741211,38.70903015136719,304,2331,304_2331,train
103,308,469,607425.0,4661675.0,343.65399169921875,3.705012083053589,167.70509338378906,715.8910522460938,1013.0399780273438,0,81.5654067993164,72.41142272949219,303,2330,303_2330,train
104,247,570,609950.0,4663200.0,344.5289306640625,4.125463008880615,721.1102294921875,632.949462890625,2614.5029296875,1,64.22434997558594,63.5729866027832,304,2331,304_2331,train
105,383,432,606500.0,4659800.0,362.36602783203125,5.614983081817627,1391.4920654296875,682.3671875,2575.0,0,88.77003479003906,83.65397644042969,303,2329,303_2329,test
106,334,565,609825.0,4661025.0,384.58001708984375,13.23884105682373,1820.0274658203125,369.1205749511719,3057.9814453125,0,66.97834777832031,64.03205871582031,304,2330,304_2330,train
107,349,459,607175.0,4660650.0,377.968017578125,8.32402229309082,965.012939453125,707.1068115234375,1985.7303466796875,0,83.35195922851562,94.54634094238281,303,2330,303_2330,train
108,300,515,608575.0,4661875.0,340.96002197265625,3.9798717498779297,790.5693969726562,618.970947265625,1546.36669921875,0,92.0402603149414,94.57706451416016,304,2330,304_2330,train
109,167,847,616875.0,4665200.0,258.58038330078125,0.20157231390476227,360.55511474609375,213.60009765625,380.7886657714844,1,48.857601165771484,44.75104522705078,308,2332,308_2332,train
110,243,553,609525.0,4663300.0,343.7770080566406,2.0416553020477295,515.38818359375,282.84271240234375,2207.0908203125,1,59.54117965698242,61.50739288330078,304,2331,304_2331,train
111,331,487,607875.0,4661100.0,364.40863037109375,7.445107936859131,887.7640380859375,318.19805908203125,1711.176513671875,0,76.01968383789062,63.24406433105469,303,2330,303_2330,train
112,257,532,609000.0,4662950.0,341.3240051269531,1.4234715700149536,335.4101867675781,292.61749267578125,1650.1893310546875,0,86.783935546875,93.41655731201172,304,2331,304_2331,train
113,349,457,607125.0,4660650.0,374.4480285644531,7.232789039611816,951.9716186523438,715.8910522460938,1976.8978271484375,0,85.534423828125,92.16851043701172,303,2330,303_2330,train
114,320,877,617625.0,4661375.0,277.7226257324219,11.938461303710938,1049.404541015625,152.06906127929688,1110.18017578125,0,58.726531982421875,62.47309494018555,308,2330,308_2330,train
115,285,468,607400.0,4662250.0,339.530029296875,2.7591238021850586,55.90169906616211,1068.00048828125,469.7073669433594,1,42.618038177490234,44.886287689208984,303,2331,303_2331,test
116,195,630,611450.0,4664500.0,329.47601318359375,3.656040906906128,983.9334106445312,928.0355834960938,3088.891357421875,1,64.88153839111328,69.86296081542969,305,2332,305_2332,train
117,149,723,613775.0,4665650.0,279.82000732421875,2.607678174972534,182.00274658203125,531.5072631835938,905.883544921875,1,57.81903839111328,65.30555725097656,306,2332,306_2332,train
118,377,545,609325.0,4659950.0,348.0840148925781,1.9032789468765259,2482.438232421875,225.0,3445.014404296875,0,82.44344329833984,85.92266082763672,304,2329,304_2329,train
119,337,485,607825.0,4660950.0,375.74603271484375,1.7126069068908691,995.3014526367188,465.0268859863281,1829.10498046875,0,94.82614135742188,95.25315856933594,303,2330,303_2330,train
120,474,453,607025.0,4657525.0,318.2821350097656,6.1560211181640625,371.6517333984375,380.7886657714844,480.8846130371094,0,68.74950408935547,56.38216781616211,303,2328,303_2328,train
121,315,630,611450.0,4661500.0,371.06402587890625,10.3712158203125,1520.690673828125,531.5072631835938,4050.0771484375,0,79.257568359375,70.91513061523438,305,2330,305_2330,train
122,463,396,605600.0,4657800.0,334.46002197265625,1.806756854057312,270.4163513183594,637.37744140625,1015.197021484375,0,93.92118835449219,95.90313720703125,302,2328,302_2328,train
123,405,404,605800.0,4659250.0,372.1000061035156,7.855174541473389,1553.222412109375,686.4765014648438,2126.763916015625,0,84.2896499633789,94.30097961425781,302,2329,302_2329,test
124,249,677,612625.0,4663150.0,357.2240295410156,9.747288703918457,948.6832885742188,711.0731201171875,3128.99755859375,0,80.50542449951172,85.88516235351562,306,2331,306_2331,train
125,120,684,612800.0,4666375.0,284.9892883300781,1.0106785297393799,772.1722412109375,237.1708221435547,797.2609252929688,1,55.838096618652344,54.68418884277344,306,2333,306_2333,train
126,411,371,604975.0,4659100.0,386.71917724609375,12.062054634094238,1552.41748046875,111.80339813232422,2385.634033203125,0,56.466060638427734,54.271575927734375,302,2329,302_2329,test
127,258,556,609600.0,4662925.0,340.3680114746094,1.373294472694397,279.50848388671875,325.9601135253906,2250.0,1,60.79065704345703,58.28458786010742,304,2331,304_2331,train
128,336,469,607425.0,4660975.0,362.2890319824219,4.284883499145508,797.2609252929688,750.4165649414062,1697.424560546875,0,91.43023681640625,89.91220092773438,303,2330,303_2330,train
129,473,392,605500.0,4657550.0,330.92303466796875,3.986971378326416,25.0,645.1743774414062,972.7538452148438,0,68.42823791503906,75.12554168701172,302,2328,302_2328,train
130,247,600,610700.0,4663200.0,344.74273681640625,2.4219257831573486,1408.0128173828125,561.8051147460938,3361.268310546875,1,66.60930633544922,66.0029525756836,305,2331,305_2331,train
131,284,530,608950.0,4662275.0,339.7320251464844,8.097270011901855,625.0,485.4122009277344,1717.010498046875,0,83.0760726928711,99.68974304199219,304,2331,304_2331,train
132,455,458,607150.0,4658000.0,321.64801025390625,1.6601765155792236,825.0,860.958740234375,965.660400390625,0,95.82115173339844,85.87965393066406,303,2329,303_2329,test
133,478,398,605650.0,4657425.0,328.42401123046875,2.4070544242858887,35.35533905029297,840.014892578125,784.6177368164062,0,67.74761199951172,64.89969635009766,302,2328,302_2328,train
134,379,445,606825.0,4659900.0,364.5920104980469,5.767271041870117,1436.3582763671875,350.0,2694.670654296875,0,80.96546173095703,85.52469635009766,303,2329,303_2329,test
135,382,519,608675.0,4659825.0,343.2330627441406,6.8425140380859375,2392.95849609375,480.8846130371094,3208.777099609375,0,85.35920715332031,80.18257904052734,304,2329,304_2329,train
136,142,692,613000.0,4665825.0,290.21600341796875,3.685739278793335,948.6832885742188,257.3907470703125,1118.033935546875,1,56.34864044189453,57.513248443603516,306,2332,306_2332,train
137,492,403,605775.0,4657075.0,330.2720031738281,1.0112985372543335,79.05693817138672,982.9801635742188,480.23431396484375,0,66.57134246826172,74.63839721679688,302,2328,302_2328,train
138,364,410,605950.0,4660275.0,373.08001708984375,5.264566898345947,855.8621215820312,442.2951354980469,2458.78515625,0,86.58562469482422,73.90837860107422,302,2330,302_2330,train
139,487,401,605725.0,4657200.0,325.9520263671875,11.712985038757324,50.0,1025.0,610.3277587890625,0,45.9988899230957,51.23745346069336,302,2328,302_2328,train
140,247,557,609625.0,4663200.0,339.1233215332031,0.7506371140480042,480.23431396484375,316.2277526855469,2291.560546875,1,62.51708221435547,57.69050598144531,304,2331,304_2331,train
141,223,655,612075.0,4663800.0,350.6734619140625,11.37534236907959,353.55340576171875,1358.537841796875,3334.01025390625,1,54.07452392578125,53.136192321777344,306,2331,306_2331,train
142,292,489,607925.0,4662075.0,337.04400634765625,3.3783209323883057,357.9455261230469,687.8408203125,919.2388305664062,0,91.22432708740234,88.06483459472656,303,2331,303_2331,test
143,196,493,608025.0,4664475.0,330.1670227050781,3.4951038360595703,250.0,1025.3048095703125,1650.9466552734375,1,62.190189361572266,61.738853454589844,304,2332,304_2332,train
144,432,413,606025.0,4658575.0,349.63201904296875,2.8924763202667236,883.8834838867188,364.0054931640625,1415.3179931640625,0,87.41532897949219,89.89056396484375,303,2329,303_2329,test
145,378,442,606750.0,4659925.0,364.0155334472656,4.711574077606201,1376.8170166015625,425.7346496582031,2675.0,0,86.86358642578125,80.40771484375,303,2329,303_2329,test
146,456,391,605475.0,4657975.0,337.75701904296875,2.170375347137451,388.1043701171875,425.0,1222.95751953125,0,91.90925598144531,84.23727416992188,302,2328,302_2328,train
147,290,457,607125.0,4662125.0,341.8931884765625,0.9788159132003784,158.11387634277344,862.0469970703125,525.0,1,52.040470123291016,66.90023803710938,303,2331,303_2331,test
148,374,392,605500.0,4660025.0,396.7480163574219,6.443915367126465,1211.662109375,167.70509338378906,2853.177978515625,0,70.49742126464844,84.40125274658203,302,2330,302_2330,train
149,418,446,606850.0,4658925.0,345.50213623046875,5.612529277801514,1546.36669921875,1007.7822265625,1735.655517578125,0,88.77494049072266,90.90403747558594,303,2329,303_2329,test
150,421,465,607325.0,4658850.0,345.70001220703125,11.346392631530762,1681.7030029296875,776.6112060546875,1812.4569091796875,0,77.30722045898438,71.23929595947266,303,2329,303_2329,test
151,335,486,607850.0,4661000.0,370.18402099609375,12.01749324798584,961.7692260742188,410.0304870605469,1792.3448486328125,0,71.46653747558594,83.58267211914062,303,2330,303_2330,train
152,235,676,612600.0,4663500.0,339.81201171875,7.338574409484863,614.918701171875,1044.3299560546875,3259.601318359375,1,59.72599411010742,74.09236145019531,306,2331,306_2331,train
153,277,492,608000.0,4662450.0,336.9320068359375,0.6740967035293579,125.0,604.6693115234375,761.5773315429688,1,54.675537109375,56.782562255859375,304,2331,304_2331,train
154,337,597,610625.0,4660950.0,373.8680114746094,14.507736206054688,2240.675048828125,403.1128845214844,3780.95556640625,0,66.14017486572266,67.20045471191406,305,2330,305_2330,train
155,469,335,604075.0,4657650.0,356.7900390625,2.4712576866149902,905.883544921875,559.0169677734375,2214.158935546875,0,95.05747985839844,96.31690216064453,302,2328,302_2328,train
156,356,413,606025.0,4660475.0,365.7610168457031,3.9101996421813965,650.4805908203125,645.1743774414062,2245.272705078125,0,92.17960357666016,100.0,303,2330,303_2330,train
157,425,331,603975.0,4658750.0,369.0360107421875,2.985866069793701,1806.2391357421875,853.3024291992188,2891.58251953125,0,94.02826690673828,99.20419311523438,301,2329,301_2329,test
158,347,434,606550.0,4660700.0,373.006591796875,10.40369987487793,637.37744140625,1015.197021484375,1910.497314453125,0,79.1926040649414,72.93766784667969,303,2330,303_2330,train
159,331,440,606700.0,4661100.0,356.85296630859375,5.881603240966797,503.11529541015625,1076.162109375,1500.8331298828125,0,88.2367935180664,89.44788360595703,303,2330,303_2330,train
160,325,444,606800.0,4661250.0,353.68701171875,6.842103004455566,340.0367736816406,1078.4827880859375,1350.0,0,86.3157958984375,77.80850982666016,303,2330,303_2330,train
161,311,417,606125.0,4661600.0,346.1360168457031,2.898622751235962,25.0,353.55340576171875,1163.239013671875,0,63.96376037597656,59.40265655517578,303,2330,303_2330,train
162,354,526,608850.0,4660525.0,371.3160095214844,14.403019905090332,1962.3009033203125,485.4122009277344,2700.11572265625,0,70.46456909179688,67.73507690429688,304,2330,304_2330,train
163,334,484,607800.0,4661025.0,370.572021484375,8.892793655395508,916.8560180664062,424.2640686035156,1750.1785888671875,0,78.42761993408203,76.13920593261719,303,2330,303_2330,train
164,335,441,606725.0,4661000.0,356.25201416015625,2.8667871952056885,601.040771484375,1151.08642578125,1600.1953125,0,94.26642608642578,90.8235855102539,303,2330,303_2330,train
165,664,782,615250.0,4652775.0,300.30401611328125,0.9736264944076538,2881.514404296875,152.06906127929688,6319.81005859375,1,56.4593391418457,57.61539077758789,307,2326,307_2326,train
166,429,436,606600.0,4658650.0,334.2720031738281,4.105818748474121,1179.2476806640625,637.37744140625,1428.5045166015625,0,91.78836059570312,87.0905990600586,303,2329,303_2329,test
167,276,497,608125.0,4662475.0,335.02801513671875,0.9075207710266113,100.0,485.4122009277344,869.6263427734375,1,54.270694732666016,49.313045501708984,304,2331,304_2331,train
168,367,531,608975.0,4660200.0,365.9877624511719,3.911132335662842,2281.035888671875,482.8302001953125,3037.371337890625,0,91.31924438476562,94.96304321289062,304,2330,304_2330,train
169,448,494,608050.0,4658175.0,318.16400146484375,1.1567538976669312,1216.552490234375,175.0,1591.383056640625,0,81.4365005493164,78.90737915039062,304,2329,304_2329,train
170,398,439,606675.0,4659425.0,356.3690185546875,4.952240467071533,1802.775634765625,689.6557006835938,2206.94921875,0,90.09552001953125,91.19226837158203,303,2329,303_2329,test
171,531,286,602850.0,4656100.0,374.42376708984375,2.644036054611206,1990.6029052734375,230.48861694335938,3275.858642578125,0,81.23635864257812,69.86735534667969,301,2328,301_2328,train
172,133,649,611925.0,4666050.0,300.48101806640625,1.7911745309829712,1241.2191162109375,715.0174560546875,1683.931396484375,1,67.49235534667969,65.82228088378906,305,2333,305_2333,test
173,315,436,606600.0,4661500.0,344.411865234375,1.6272261142730713,111.80339813232422,761.987548828125,1110.18017578125,0,81.06249237060547,71.33499908447266,303,2330,303_2330,train
174,253,554,609550.0,4663050.0,338.97601318359375,0.4909752905368805,318.19805908203125,230.48861694335938,2203.54833984375,1,59.879737854003906,56.99015808105469,304,2331,304_2331,train
175,281,551,609475.0,4662350.0,345.864013671875,3.758591890335083,450.69390869140625,728.010986328125,2195.022705078125,0,92.48281860351562,91.82257080078125,304,2331,304_2331,train
176,435,384,605300.0,4658500.0,353.73291015625,6.127101421356201,903.1195678710938,152.06906127929688,1717.010498046875,0,70.34925079345703,81.56938171386719,302,2329,302_2329,test
177,308,464,607300.0,4661675.0,344.4720153808594,2.4312126636505127,125.0,831.0385131835938,986.4710083007812,0,80.21601104736328,81.6009750366211,303,2330,303_2330,train
178,345,438,606650.0,4660750.0,365.04400634765625,5.679410457611084,686.4765014648438,999.0620727539062,1852.70068359375,0,88.64118194580078,96.53390502929688,303,2330,303_2330,train
179,440,472,607500.0,4658375.0,326.24102783203125,6.637101650238037,1243.231689453125,475.6574401855469,1453.4442138671875,0,85.5086669921875,79.02928924560547,303,2329,303_2329,test
180,248,551,609475.0,4663175.0,342.30743408203125,3.663053274154663,380.7886657714844,167.70509338378906,2139.6552734375,1,53.24140548706055,60.7509880065918,304,2331,304_2331,train
181,317,425,606325.0,4661450.0,346.6000061035156,1.554286241531372,158.11387634277344,585.2349853515625,1226.02001953125,0,85.06758117675781,95.59292602539062,303,2330,303_2330,train
182,494,388,605400.0,4657025.0,331.4720153808594,0.8628795742988586,340.0367736816406,973.7171020507812,749.1661987304688,0,92.00340270996094,99.61740112304688,302,2328,302_2328,train
183,129,651,611975.0,4666150.0,299.8440246582031,1.546730637550354,1253.99365234375,816.2413940429688,1581.33642578125,1,67.83457946777344,70.06543731689453,305,2333,305_2333,test
184,330,497,608125.0,4661125.0,366.05035400390625,8.016602516174316,1025.3048095703125,200.0,1801.7352294921875,0,68.966796875,65.27935028076172,304,2330,304_2330,train
185,240,607,610875.0,4663375.0,349.8281555175781,9.732621192932129,1599.4139404296875,512.9570922851562,3553.607421875,1,56.37432861328125,54.40413284301758,305,2331,305_2331,train
186,332,498,608150.0,4661075.0,369.96002197265625,11.743518829345703,1078.4827880859375,251.24688720703125,1857.5858154296875,0,64.07530975341797,78.26040649414062,304,2330,304_2330,train
187,454,337,604125.0,4658025.0,369.3480224609375,10.62224006652832,1196.3486328125,500.0,2357.567626953125,0,78.75552368164062,81.84442138671875,302,2329,302_2329,test
188,400,443,606775.0,4659375.0,356.80401611328125,12.00772762298584,1884.8077392578125,660.0189208984375,2167.515869140625,0,75.98454284667969,85.16536712646484,303,2329,303_2329,test
189,140,579,610175.0,4665875.0,309.1960144042969,9.511302947998047,35.35533905029297,506.21142578125,2746.93017578125,1,41.2465705871582,42.43150329589844,305,2332,305_2332,train
190,281,727,613875.0,4662350.0,322.4120178222656,6.248603343963623,1425.876953125,673.1456298828125,1752.8548583984375,0,87.50279235839844,87.6698226928711,306,2331,306_2331,train
191,331,570,609950.0,4661100.0,381.3160095214844,7.529611110687256,1787.805908203125,223.60679626464844,3121.6982421875,0,71.12112426757812,78.09493255615234,304,2330,304_2330,train
192,421,454,607050.0,4658850.0,335.52801513671875,3.8878917694091797,1587.844482421875,1017.9636840820312,1715.5538330078125,0,92.22421264648438,92.35392761230469,303,2329,303_2329,test
193,355,436,606600.0,4660500.0,382.20758056640625,6.391067981719971,816.2413940429688,831.0385131835938,2105.350341796875,0,87.21786499023438,96.15288543701172,303,2330,303_2330,train
194,94,617,611125.0,4667025.0,287.2449951171875,10.144521713256836,477.62432861328125,450.69390869140625,1256.2344970703125,1,54.071956634521484,50.10986328125,305,2333,305_2333,test
195,381,662,612250.0,4659850.0,351.70684814453125,8.642409324645996,1379.3114013671875,125.0,3177.459716796875,0,63.965179443359375,61.387027740478516,306,2329,306_2329,train
196,290,500,608200.0,4662125.0,335.8276062011719,0.33147668838500977,452.7692565917969,665.6763305664062,1095.7303466796875,0,99.33704376220703,97.22919464111328,304,2331,304_2331,train
197,484,372,605000.0,4657275.0,336.8280029296875,2.2008132934570312,425.0,604.6693115234375,1219.1185302734375,0,95.59837341308594,91.47837829589844,302,2328,302_2328,train
198,311,549,609425.0,4661600.0,367.11602783203125,14.361889839172363,1179.2476806640625,575.543212890625,2416.22119140625,0,71.27621459960938,71.08448791503906,304,2330,304_2330,train
199,345,419,606175.0,4660750.0,359.58001708984375,2.3428239822387695,388.1043701171875,956.8829345703125,1937.29833984375,0,95.3143539428711,93.7803726196289,303,2330,303_2330,train
200,436,460,607200.0,4658475.0,328.5240173339844,6.553035259246826,1300.2403564453125,776.6112060546875,1419.9471435546875,0,86.89392852783203,100.0,303,2329,303_2329,test
201,378,445,606825.0,4659925.0,365.896240234375,6.128139019012451,1415.09716796875,350.8917236328125,2675.11669921875,0,80.2883071899414,76.48936462402344,303,2329,303_2329,test
202,327,415,606075.0,4661200.0,353.5160217285156,4.473387241363525,35.35533905029297,540.8327026367188,1546.16455078125,0,68.99950408935547,67.37571716308594,303,2330,303_2330,train
203,678,777,615125.0,4652425.0,304.6615295410156,0.10174282640218735,3061.045654296875,313.2491149902344,6679.3056640625,0,90.45896911621094,86.65067291259766,307,2326,307_2326,train
204,379,423,606275.0,4659900.0,367.8348083496094,4.607619762420654,1241.2191162109375,600.5206298828125,2680.71826171875,0,90.78475952148438,84.04537200927734,303,2329,303_2329,test
205,266,573,610025.0,4662725.0,346.4880065917969,1.800626516342163,679.1538696289062,794.1190185546875,2680.71826171875,1,67.4791259765625,64.03157043457031,305,2331,305_2331,train
206,484,344,604300.0,4657275.0,349.7760009765625,1.0193452835083008,477.62432861328125,735.6969604492188,1865.810791015625,0,97.96131134033203,100.0,302,2328,302_2328,train
207,290,525,608825.0,4662125.0,337.8160095214844,3.1631693840026855,707.1068115234375,570.0877075195312,1648.10498046875,0,93.67366790771484,86.70157623291016,304,2331,304_2331,train
208,466,417,606125.0,4657725.0,328.19036865234375,1.4303271770477295,160.07810974121094,475.6574401855469,596.343017578125,0,74.17063903808594,65.69010162353516,303,2328,303_2328,train
209,464,467,607375.0,4657775.0,318.3320007324219,1.5891574621200562,632.4555053710938,781.0249633789062,862.0469970703125,0,93.37285614013672,80.34322357177734,303,2328,303_2328,train
210,308,515,608575.0,4661675.0,344.2040100097656,6.433471202850342,982.3441162109375,493.07708740234375,1667.7080078125,0,86.78691101074219,84.7963638305664,304,2330,304_2330,train
211,463,327,603875.0,4657800.0,365.0080261230469,5.040613174438477,1150.271728515625,500.0,2459.6748046875,0,89.91877746582031,87.41802978515625,301,2328,301_2328,train
212,327,427,606375.0,4661200.0,349.94000244140625,3.6160244941711426,309.23291015625,750.0,1449.353271484375,0,92.76795196533203,89.53704071044922,303,2330,303_2330,train
213,310,637,611625.0,4661625.0,368.7400207519531,14.910568237304688,1377.0439453125,592.6634521484375,3892.701416015625,0,70.17886352539062,52.83583450317383,305,2330,305_2330,train
214,93,670,612450.0,4667050.0,284.8160095214844,11.390623092651367,583.630859375,500.0,731.8640747070312,1,49.36075210571289,48.68008804321289,306,2333,306_2333,train
215,416,384,605300.0,4658975.0,366.5160217285156,6.0216827392578125,1377.0439453125,431.5669250488281,2094.0390625,0,84.53498077392578,84.19200134277344,302,2329,302_2329,test
216,373,414,606050.0,4660050.0,375.5040283203125,3.5234224796295166,1075.0,395.2846984863281,2644.33349609375,0,87.71739959716797,92.77734375,303,2330,303_2330,train
217,240,672,612500.0,4663375.0,347.74615478515625,6.562614440917969,697.3162841796875,905.5385131835938,3312.57080078125,1,60.812339782714844,71.9987564086914,306,2331,306_2331,train
218,380,405,605825.0,4659875.0,386.5480041503906,10.312323570251465,1270.088623046875,158.11387634277344,2722.70556640625,0,62.28104782104492,60.91918182373047,302,2329,302_2329,test
219,483,492,608000.0,4657300.0,310.2005920410156,4.731528282165527,380.7886657714844,983.9334106445312,1035.0120849609375,0,90.53694915771484,86.0447769165039,304,2328,304_2328,train
220,198,498,608150.0,4664425.0,335.42401123046875,4.487578392028809,235.8495330810547,900.34716796875,1680.02978515625,1,59.97528076171875,68.46161651611328,304,2332,304_2332,train
221,439,329,603925.0,4658400.0,369.364013671875,7.298692226409912,1621.1492919921875,764.8529052734375,2740.89404296875,0,85.4026107788086,88.61772918701172,301,2329,301_2329,test
222,297,567,609875.0,4661950.0,365.8960266113281,4.045557022094727,991.526611328125,395.2846984863281,2696.40966796875,0,86.67312622070312,84.67504119873047,304,2330,304_2330,train
223,367,493,608025.0,4660200.0,365.0320129394531,9.261284828186035,1756.5947265625,395.2846984863281,2601.56201171875,0,76.24166870117188,75.80821228027344,304,2330,304_2330,train
224,248,607,610875.0,4663175.0,353.96728515625,8.300789833068848,1570.429931640625,665.6763305664062,3533.854248046875,1,58.3788948059082,65.860107421875,305,2331,305_2331,train
225,404,518,608650.0,4659275.0,325.1440124511719,3.4606595039367676,2291.560546875,656.22021484375,2820.017822265625,0,93.07868194580078,94.44208526611328,304,2329,304_2329,train
226,169,625,611325.0,4665150.0,311.33203125,2.2379183769226074,1136.331787109375,475.6574401855469,2714.428955078125,1,66.01492309570312,72.45156860351562,305,2332,305_2332,train
227,494,396,605600.0,4657025.0,330.3760070800781,6.420682907104492,201.5564422607422,1085.4146728515625,575.543212890625,0,68.34358215332031,62.7896728515625,302,2328,302_2328,train
228,380,1013,621025.0,4659875.0,306.6280212402344,9.593822479248047,514.781494140625,1243.231689453125,1302.16162109375,0,80.8123550415039,83.20433807373047,310,2329,310_2329,train
229,390,512,608500.0,4659625.0,338.2939758300781,8.539953231811523,2482.060546875,654.3126220703125,3026.962158203125,0,82.92008972167969,80.42706298828125,304,2329,304_2329,train
230,162,850,616950.0,4665325.0,258.71099853515625,0.06004966422915459,496.23583984375,160.07810974121094,491.17205810546875,1,49.11417770385742,47.89430236816406,308,2332,308_2332,train
231,306,479,607675.0,4661725.0,342.2807312011719,1.283447027206421,285.0438537597656,531.5072631835938,1062.13232421875,0,96.18675994873047,100.0,303,2330,303_2330,train
232,393,454,607050.0,4659550.0,355.6080017089844,9.140009880065918,1852.3634033203125,371.6517333984375,2389.168212890625,0,75.30256652832031,81.72582244873047,303,2329,303_2329,test
233,532,286,602850.0,4656075.0,374.2040100097656,2.5131306648254395,2001.40576171875,226.38462829589844,3280.339111328125,0,81.29296875,69.99079132080078,301,2328,301_2328,train
234,367,422,606250.0,4660200.0,366.4200134277344,1.551294207572937,941.4085083007812,637.37744140625,2451.530029296875,0,96.89741516113281,97.99665069580078,303,2330,303_2330,train
235,455,571,609975.0,4658000.0,304.16900634765625,12.83917236328125,756.6372680664062,190.3943328857422,3097.6806640625,0,58.84136962890625,69.87322998046875,304,2329,304_2329,train
236,146,590,610450.0,4665725.0,318.2720031738281,0.5717760324478149,141.42135620117188,340.0367736816406,2697.452392578125,1,54.350379943847656,56.76494598388672,305,2332,305_2332,train
237,333,420,606200.0,4661050.0,356.718994140625,4.540709495544434,145.7738037109375,735.2720336914062,1644.6884765625,0,78.06639862060547,76.59007263183594,303,2330,303_2330,train
238,335,420,606200.0,4661000.0,357.56201171875,3.6919827461242676,176.77670288085938,776.6112060546875,1691.8924560546875,0,82.34742736816406,84.774658203125,303,2330,303_2330,train
239,426,338,604150.0,4658725.0,364.6731872558594,3.318159341812134,1661.700927734375,695.0719604492188,2732.21533203125,0,93.36368560791016,95.52865600585938,302,2329,302_2329,test
240,476,483,607775.0,4657475.0,318.4480285644531,13.220789909362793,608.2762451171875,903.465576171875,930.3897094726562,0,71.81816101074219,74.52212524414062,303,2328,303_2328,train
241,281,489,607925.0,4662350.0,337.47601318359375,0.6239805817604065,176.77670288085938,721.1102294921875,742.0410766601562,1,57.42412567138672,59.78816223144531,303,2331,303_2331,test
242,404,486,607850.0,4659275.0,338.9040222167969,6.441246509552002,2205.816162109375,849.264404296875,2415.186279296875,0,87.11750793457031,85.24951934814453,303,2329,303_2329,test
243,380,448,606900.0,4659875.0,365.94403076171875,6.361249923706055,1497.70654296875,276.134033203125,2680.0185546875,0,76.0842056274414,78.13691711425781,303,2329,303_2329,test
244,229,625,611325.0,4663650.0,356.06500244140625,2.708054780960083,1077.032958984375,828.402099609375,3848.45751953125,1,66.20872497558594,59.13365936279297,305,2331,305_2331,train
245,289,504,608300.0,4662150.0,336.156005859375,1.8499804735183716,450.69390869140625,592.6634521484375,1166.1904296875,0,96.30003356933594,96.5697250366211,304,2331,304_2331,train
246,283,727,613875.0,4662300.0,324.2320251464844,7.477304935455322,1399.3302001953125,673.1456298828125,1750.714111328125,0,85.04539489746094,81.49708557128906,306,2331,306_2331,train
247,326,499,608175.0,4661225.0,365.7760314941406,4.96567964553833,990.5806274414062,111.80339813232422,1741.048583984375,0,70.6588134765625,71.59014129638672,304,2330,304_2330,train
248,421,445,606825.0,4658850.0,340.8760070800781,5.762541770935059,1470.5440673828125,938.4161987304688,1657.181396484375,0,88.47491455078125,100.0,303,2329,303_2329,test
249,389,526,608850.0,4659650.0,343.13861083984375,1.672402262687683,2564.78564453125,304.13812255859375,3240.466796875,0,86.86210632324219,100.0,304,2329,304_2329,train
250,288,508,608400.0,4662175.0,336.63580322265625,0.9727398157119751,456.2071838378906,529.740478515625,1241.2191162109375,0,98.05451965332031,99.00421905517578,304,2331,304_2331,train
251,313,472,607500.0,4661550.0,344.6120300292969,3.759004831314087,313.2491149902344,601.040771484375,1154.339599609375,0,92.48198699951172,86.60227966308594,303,2330,303_2330,train
252,249,599,610675.0,4663150.0,344.99200439453125,1.8102248907089233,1370.447021484375,601.040771484375,3332.60400390625,1,67.46568298339844,73.33744049072266,305,2331,305_2331,train
253,537,291,602975.0,4655950.0,370.6800231933594,1.320556640625,1945.668212890625,364.0054931640625,3183.649658203125,0,90.55916595458984,87.1403579711914,301,2327,301_2327,train
254,373,513,608525.0,4660050.0,352.8924865722656,11.440132141113281,2122.645751953125,403.8873596191406,2940.45068359375,0,72.3141098022461,63.94793701171875,304,2330,304_2330,train
255,149,708,613400.0,4665650.0,283.40802001953125,2.574025869369507,552.26806640625,335.4101867675781,1085.4146728515625,1,60.635719299316406,54.23680114746094,306,2332,306_2332,train
256,228,644,611800.0,4663675.0,369.76800537109375,8.478673934936523,645.1743774414062,1300.961181640625,3579.455322265625,1,58.12985610961914,57.45663070678711,305,2331,305_2331,train
257,331,612,611000.0,4661100.0,369.61602783203125,7.185337543487549,1952.5623779296875,445.1123352050781,4051.234375,0,82.88494110107422,81.6805648803711,305,2330,305_2330,train
258,454,925,618825.0,4658025.0,274.65155029296875,12.306215286254883,403.1128845214844,447.2135925292969,3181.587646484375,0,72.74825286865234,68.68924713134766,309,2329,309_2329,train
259,297,496,608100.0,4661950.0,340.1240234375,5.38316011428833,570.0877075195312,527.3755493164062,1131.370849609375,0,89.23368072509766,93.72807312011719,304,2330,304_2330,train
260,431,369,604925.0,4658600.0,366.99200439453125,11.2542085647583,1096.5855712890625,313.2491149902344,2050.91455078125,0,68.15403747558594,63.53227615356445,302,2329,302_2329,test
261,428,464,607300.0,4658675.0,332.3240051269531,4.7802510261535645,1505.1993408203125,719.8090209960938,1643.5479736328125,0,90.43949890136719,96.61577606201172,303,2329,303_2329,test
262,344,576,610100.0,4660775.0,373.22705078125,5.082895755767822,2144.90673828125,395.2846984863281,3426.45947265625,0,84.59844970703125,87.82716369628906,305,2330,305_2330,train
263,456,491,607975.0,4657975.0,320.916015625,6.925159454345703,1037.1234130859375,375.8323974609375,1396.6478271484375,0,79.94129943847656,74.91963195800781,303,2328,303_2328,train
264,304,477,607625.0,4661775.0,341.3680419921875,1.1198084354400635,215.05813598632812,602.0797119140625,995.3014526367188,0,90.56443786621094,81.41219329833984,303,2330,303_2330,train
265,353,481,607725.0,4660550.0,404.75201416015625,2.952617645263672,1315.769775390625,637.37744140625,2177.297607421875,0,94.09476470947266,100.0,303,2330,303_2330,train
266,364,1049,621925.0,4660275.0,306.9420166015625,11.139472007751465,100.0,985.2030029296875,548.2927856445312,0,49.76171112060547,40.286407470703125,310,2330,310_2330,test
267,250,675,612575.0,4663125.0,358.7480163574219,13.529790878295898,958.1884155273438,673.1456298828125,3171.1591796875,0,72.94042205810547,78.55096435546875,306,2331,306_2331,train
268,291,549,609425.0,4662100.0,353.8480224609375,1.8954118490219116,682.3671875,778.62060546875,2222.189208984375,0,96.20917510986328,87.17516326904297,304,2331,304_2331,train
269,469,469,607425.0,4657650.0,315.6720275878906,1.2352337837219238,536.7727661132812,725.0,785.0159301757812,0,92.1549301147461,90.39923095703125,303,2328,303_2328,train
270,377,473,607525.0,4659950.0,364.84002685546875,14.647420883178711,1741.048583984375,225.0,2725.917236328125,0,56.95515823364258,62.001136779785156,303,2329,303_2329,test
271,496,392,605500.0,4656975.0,330.2850036621094,1.934545874595642,300.0,1068.00048828125,637.37744140625,0,87.06534576416016,86.4799575805664,302,2328,302_2328,train
272,468,484,607800.0,4657675.0,319.8680114746094,9.91726303100586,794.512451171875,704.0064086914062,1065.9503173828125,0,80.16547393798828,97.2675552368164,303,2328,303_2328,train
273,472,445,606825.0,4657575.0,321.0040283203125,0.7907764911651611,353.55340576171875,353.55340576171875,447.2135925292969,0,77.27645874023438,79.21356964111328,303,2328,303_2328,train
274,455,316,603600.0,4658000.0,378.22003173828125,5.972271919250488,1484.9241943359375,600.5206298828125,2795.64404296875,0,88.05545806884766,97.147705078125,301,2329,301_2329,test
275,264,616,611100.0,4662775.0,361.4298400878906,11.386903762817383,1750.1785888671875,452.7692565917969,3752.082763671875,1,52.40525817871094,47.06298828125,305,2331,305_2331,train
276,242,669,612425.0,4663325.0,352.52001953125,8.249682426452637,731.8640747070312,850.3675537109375,3369.16162109375,1,58.450443267822266,51.658687591552734,306,2331,306_2331,train
277,379,492,608000.0,4659900.0,349.4683837890625,7.681389331817627,2003.9024658203125,630.9714965820312,2878.36767578125,0,84.63722229003906,80.07091522216797,304,2329,304_2329,train
278,493,401,605725.0,4657050.0,330.1080017089844,5.924356937408447,90.13877868652344,1035.91748046875,494.9747619628906,0,58.0372200012207,55.527793884277344,302,2328,302_2328,train
279,437,433,606525.0,4658450.0,332.6800231933594,4.906291961669922,970.8244018554688,458.9389953613281,1225.255126953125,0,88.13436889648438,83.31303405761719,303,2329,303_2329,test
280,320,520,608700.0,4661375.0,352.4366149902344,6.606154918670654,1305.038330078125,550.0,1962.3009033203125,0,86.78768920898438,93.88936614990234,304,2330,304_2330,train
281,430,519,608675.0,4658625.0,312.4720153808594,1.4577586650848389,1652.4603271484375,503.11529541015625,2351.72802734375,0,97.08448028564453,90.77069854736328,304,2329,304_2329,train
282,318,538,609150.0,4661425.0,357.97601318359375,6.819450855255127,1361.2952880859375,863.1338500976562,2275.54931640625,0,86.36109924316406,76.0936279296875,304,2330,304_2330,train
283,474,400,605700.0,4657525.0,328.45843505859375,6.6995673179626465,127.4754867553711,784.6177368164062,782.623779296875,0,66.78942108154297,62.23295211791992,302,2328,302_2328,train
284,320,441,606725.0,4661375.0,348.90802001953125,3.2275052070617676,265.7536315917969,938.4161987304688,1225.255126953125,0,90.69112396240234,87.95024871826172,303,2330,303_2330,train
285,471,341,604225.0,4657600.0,354.3840026855469,2.1456425189971924,776.6112060546875,583.630859375,2057.303955078125,0,95.7087173461914,88.40362548828125,302,2328,302_2328,train
286,375,537,609125.0,4660000.0,349.58001708984375,13.551020622253418,2529.451416015625,251.24688720703125,3287.191162109375,0,60.460304260253906,60.416011810302734,304,2330,304_2330,train
287,117,684,612800.0,4666450.0,283.7080078125,5.043733596801758,707.548583984375,167.70509338378906,750.0,1,46.933448791503906,56.13853454589844,306,2333,306_2333,train
288,299,565,609825.0,4661900.0,367.09600830078125,9.373899459838867,1007.7822265625,369.1205749511719,2664.230712890625,0,74.7082290649414,69.30511474609375,304,2330,304_2330,train
289,352,411,605975.0,4660575.0,361.4200134277344,2.499866485595703,555.090087890625,704.4501342773438,2166.218017578125,0,95.0002670288086,92.64997863769531,302,2330,302_2330,train
290,286,493,608025.0,4662225.0,335.92401123046875,0.3503628969192505,336.3406066894531,710.633544921875,895.1256713867188,1,67.6741943359375,62.18692398071289,304,2331,304_2331,train
291,366,411,605975.0,4660225.0,373.9280090332031,9.122232437133789,903.1195678710938,424.2640686035156,2498.249267578125,0,77.96874237060547,69.27618408203125,302,2330,302_2330,train
292,329,590,610450.0,4661150.0,376.61602783203125,5.017550468444824,1976.423583984375,175.0,3533.05810546875,0,73.71489715576172,67.15193176269531,305,2330,305_2330,train
293,313,483,607775.0,4661550.0,346.6200256347656,2.733677864074707,477.62432861328125,347.31109619140625,1263.4278564453125,0,86.89820098876953,75.3006820678711,303,2330,303_2330,train
294,412,499,608175.0,4659075.0,330.8800048828125,5.148505210876465,2084.6162109375,673.1456298828125,2388.12158203125,0,89.70298767089844,100.0,304,2329,304_2329,train
295,299,841,616725.0,4661900.0,256.35003662109375,0.07020395994186401,150.0,575.0,348.209716796875,1,49.745384216308594,45.576194763183594,308,2330,308_2330,train
296,385,435,606575.0,4659750.0,362.5880126953125,6.382297039031982,1463.0875244140625,618.4658203125,2526.113525390625,0,87.23541259765625,86.1412353515625,303,2329,303_2329,test
297,643,799,615675.0,4653300.0,307.9800109863281,5.249758243560791,2885.84912109375,176.77670288085938,5775.48681640625,0,73.33931732177734,66.87872314453125,307,2326,307_2326,train
298,359,542,609250.0,4660400.0,359.5040283203125,2.1184535026550293,2343.074951171875,648.5560913085938,3047.9501953125,0,95.76309204101562,84.86763000488281,304,2330,304_2330,train
299,680,776,615100.0,4652375.0,304.70001220703125,1.5169992446899414,3085.145751953125,360.55511474609375,6731.4560546875,0,89.99375915527344,96.18594360351562,307,2326,307_2326,train
300,385,1012,621000.0,4659750.0,315.4840087890625,11.664215087890625,617.4544677734375,1370.447021484375,1325.943115234375,0,76.67156982421875,82.41313171386719,310,2329,310_2329,train
301,307,481,607725.0,4661700.0,343.17047119140625,2.253185510635376,340.0367736816406,477.62432861328125,1107.0794677734375,0,94.37484741210938,80.95146942138672,303,2330,303_2330,train
302,300,521,608725.0,4661875.0,342.30902099609375,4.862167835235596,850.0,730.1541137695312,1672.1990966796875,0,90.27566528320312,76.39117431640625,304,2330,304_2330,train
303,252,576,610100.0,4663075.0,341.7490234375,4.476743221282959,798.8272705078125,763.2168579101562,2754.087890625,1,63.73255920410156,64.79855346679688,305,2331,305_2331,train
304,396,405,605825.0,4659475.0,370.916015625,5.066210746765137,1665.270263671875,474.3416442871094,2335.192626953125,0,88.58466339111328,93.83219146728516,302,2329,302_2329,test
305,261,614,611050.0,4662850.0,360.54400634765625,10.170828819274902,1700.735107421875,525.0,3700.337890625,1,55.76083755493164,58.684818267822266,305,2331,305_2331,train
306,472,494,608050.0,4657575.0,318.3440246582031,13.144813537597656,632.4555053710938,721.1102294921875,1219.1185302734375,0,73.71037292480469,74.63264465332031,304,2328,304_2328,train
307,455,429,606425.0,4658000.0,334.5240173339844,4.0022478103637695,536.7727661132812,375.0,775.4031372070312,0,80.1305923461914,86.7076416015625,303,2329,303_2329,test
308,267,720,613700.0,4662700.0,321.4179992675781,4.622472763061523,1619.4134521484375,300.0,1976.8978271484375,0,80.75505828857422,78.98419952392578,306,2331,306_2331,train
309,471,304,603300.0,4657600.0,379.1750183105469,10.053476333618164,1498.3323974609375,340.0367736816406,2917.297607421875,0,71.89488220214844,75.07716369628906,301,2328,301_2328,train
310,279,598,610650.0,4662400.0,359.03369140625,7.425933837890625,1360.1470947265625,201.5564422607422,3337.663818359375,1,49.15816879272461,45.54177474975586,305,2331,305_2331,train
311,405,469,607425.0,4659250.0,345.072021484375,11.862918853759766,2090.005859375,667.0831909179688,2219.234130859375,0,76.27416229248047,83.62545013427734,303,2329,303_2329,test
312,380,494,608050.0,4659875.0,347.96002197265625,4.686821937561035,2052.4375,626.4982299804688,2917.297607421875,0,90.62635040283203,93.8627700805664,304,2329,304_2329,train
313,533,286,602850.0,4656050.0,373.8680114746094,2.6898720264434814,2012.461181640625,225.0,3285.00390625,0,80.8702621459961,73.51849365234375,301,2328,301_2328,train
314,280,725,613825.0,4662375.0,324.0436706542969,6.712917327880859,1425.21923828125,637.37744140625,1804.3350830078125,0,86.57416534423828,87.07748413085938,306,2331,306_2331,train
315,180,704,613300.0,4664875.0,295.1330261230469,4.254206657409668,550.0,176.77670288085938,1811.76708984375,1,52.73129653930664,55.49402618408203,306,2332,306_2332,train
316,286,469,607425.0,4662225.0,338.8080139160156,2.4989445209503174,25.0,1065.9503173828125,503.11529541015625,1,41.76433181762695,38.195613861083984,303,2331,303_2331,test
317,471,492,608000.0,4657600.0,315.9440002441406,6.068441867828369,667.0831909179688,730.1541137695312,1187.6973876953125,0,87.86312103271484,93.58367919921875,304,2328,304_2328,train
318,639,782,615250.0,4653400.0,294.4000244140625,1.0396028757095337,2476.135986328125,237.1708221435547,5696.98388671875,1,59.34553527832031,58.20754623413086,307,2326,307_2326,train
319,375,514,608550.0,4660000.0,349.95501708984375,4.119357585906982,2178.302001953125,459.6194152832031,2996.35205078125,0,89.74225616455078,78.97554779052734,304,2330,304_2330,train
320,318,521,608725.0,4661425.0,349.62701416015625,4.336801052093506,1264.9110107421875,575.0,1945.828857421875,0,91.32640075683594,82.11715698242188,304,2330,304_2330,train
321,295,419,606175.0,4662000.0,348.9800109863281,1.2669498920440674,75.0,150.0,800.3905029296875,0,56.225860595703125,51.20781707763672,303,2331,303_2331,test
322,276,494,608050.0,4662475.0,336.468017578125,1.6725026369094849,100.0,548.8624877929688,798.8272705078125,1,52.471309661865234,52.24702453613281,304,2331,304_2331,train
323,228,669,612425.0,4663675.0,343.94000244140625,12.052879333496094,388.1043701171875,1200.2603759765625,3287.191162109375,1,53.12596893310547,61.512107849121094,306,2331,306_2331,train
324,495,391,605475.0,4657000.0,330.89898681640625,1.010870337486267,325.0,1033.5013427734375,670.8203735351562,0,89.748779296875,99.83972930908203,302,2328,302_2328,train
325,143,693,613025.0,4665800.0,289.220703125,3.515103816986084,933.40771484375,246.22145080566406,1129.4356689453125,1,56.19660568237305,52.548397064208984,306,2332,306_2332,train
326,428,338,604150.0,4658675.0,365.5040283203125,8.081657409667969,1626.7298583984375,665.6763305664062,2704.16357421875,0,83.83668518066406,94.05921936035156,302,2329,302_2329,test
327,471,482,607750.0,4657600.0,317.1440124511719,7.9466471672058105,715.0174560546875,790.5693969726562,980.1148071289062,0,83.60958099365234,70.69413757324219,303,2328,303_2328,train
328,249,538,609150.0,4663150.0,343.39202880859375,5.616332054138184,369.1205749511719,134.62911987304688,1814.0079345703125,1,49.34915542602539,56.39237976074219,304,2331,304_2331,train
329,250,506,608350.0,4663125.0,333.5000305175781,1.0209821462631226,35.35533905029297,325.0,1019.8038940429688,1,47.00802230834961,43.684749603271484,304,2331,304_2331,train
330,348,459,607175.0,4660675.0,376.7560119628906,7.561341762542725,941.0765380859375,731.8640747070312,1961.1859130859375,0,84.8773193359375,93.4115982055664,303,2330,303_2330,train
331,248,622,611250.0,4663175.0,367.3815612792969,9.002973556518555,1386.0916748046875,873.2124633789062,3908.004638671875,0,81.99405670166016,88.25321960449219,305,2331,305_2331,train
332,330,475,607575.0,4661125.0,363.7376708984375,5.895050048828125,728.8689575195312,548.2927856445312,1583.114013671875,0,88.20989990234375,79.78837585449219,303,2330,303_2330,train
333,389,408,605900.0,4659650.0,376.01904296875,8.79226303100586,1482.6075439453125,355.3167724609375,2486.589111328125,0,75.18132019042969,74.66808319091797,302,2329,302_2329,test
334,280,557,609625.0,4662375.0,348.685302734375,5.006226539611816,500.0,760.3453369140625,2334.791259765625,1,62.99128341674805,63.7900390625,304,2331,304_2331,train
335,288,468,607400.0,4662175.0,339.06402587890625,2.3476152420043945,25.0,1044.3299560546875,536.7727661132812,1,42.5651969909668,38.87046432495117,303,2331,303_2331,test
336,136,653,612025.0,4665975.0,299.86895751953125,0.7727640867233276,1175.265869140625,721.1102294921875,1655.4832763671875,1,68.91812896728516,81.61042785644531,306,2332,306_2332,train
337,268,596,610600.0,4662675.0,350.0400085449219,1.9902206659317017,1256.2344970703125,469.7073669433594,3257.779052734375,1,66.15345001220703,65.79336547851562,305,2331,305_2331,train
338,440,469,607425.0,4658375.0,324.6960144042969,1.7367902994155884,1225.7650146484375,550.56787109375,1419.9471435546875,0,96.52642059326172,100.0,303,2329,303_2329,test
339,153,564,609800.0,4665550.0,311.4520263671875,8.10751724243164,75.0,223.60679626464844,3238.92333984375,1,35.850711822509766,33.52585983276367,304,2332,304_2332,train
340,336,421,606225.0,4660975.0,359.2130126953125,5.2008233070373535,212.1320343017578,811.2490234375,1707.703125,0,82.2760238647461,88.36786651611328,303,2330,303_2330,train
341,170,619,611175.0,4665125.0,311.85601806640625,3.3548622131347656,1043.13232421875,529.740478515625,2846.26953125,1,65.30319213867188,57.03697204589844,305,2332,305_2332,train
342,85,630,611450.0,4667250.0,283.40802001953125,4.616785526275635,866.3861694335938,246.22145080566406,875.0,1,52.46675109863281,53.52229690551758,305,2333,305_2333,test
343,271,650,611950.0,4662600.0,398.5169372558594,13.428857803344727,1497.70654296875,347.31109619140625,3691.629150390625,0,65.50784301757812,50.077369689941406,305,2331,305_2331,train
344,345,421,606225.0,4660750.0,361.4010314941406,5.383613586425781,403.8873596191406,985.2030029296875,1923.0509033203125,0,89.23277282714844,78.85453796386719,303,2330,303_2330,train
345,285,470,607450.0,4662250.0,338.3960266113281,1.6131500005722046,25.0,1070.0467529296875,492.4429016113281,1,42.81767272949219,38.630489349365234,303,2331,303_2331,test
346,368,402,605750.0,4660175.0,389.9800109863281,4.208683013916016,995.3014526367188,246.22145080566406,2618.80224609375,0,78.8936996459961,72.55998992919922,302,2330,302_2330,train
347,392,532,609000.0,4659575.0,336.16802978515625,3.541409492492676,2404.423095703125,195.25624084472656,3271.849609375,0,77.67999267578125,78.0628662109375,304,2329,304_2329,train
348,267,639,611675.0,4662700.0,402.4880065917969,8.2780179977417,1498.3323974609375,637.37744140625,3975.55029296875,0,83.44396209716797,80.03173828125,305,2331,305_2331,train
349,269,548,609400.0,4662650.0,339.9280090332031,1.9380450248718262,145.7738037109375,419.07635498046875,2065.187744140625,0,79.22554779052734,67.86286926269531,304,2331,304_2331,train
350,473,490,607950.0,4657550.0,320.5480041503906,11.637626647949219,632.4555053710938,800.3905029296875,1119.4306640625,0,76.72474670410156,74.37245178222656,303,2328,303_2328,train
351,285,518,608650.0,4662250.0,337.8280029296875,3.155703067779541,496.23583984375,425.7346496582031,1439.6180419921875,0,89.97532653808594,86.33628845214844,304,2331,304_2331,train
352,328,612,611000.0,4661175.0,372.01800537109375,11.103043556213379,1950.1602783203125,388.9087219238281,4021.271484375,0,72.23934936523438,68.40431213378906,305,2330,305_2330,train
353,284,552,609500.0,4662275.0,349.6000061035156,3.6797330379486084,529.740478515625,807.0006103515625,2239.0009765625,0,92.64053344726562,81.14962768554688,304,2331,304_2331,train
354,378,538,609150.0,4659925.0,344.9830017089844,3.783841371536255,2565.394775390625,175.0,3363.127197265625,0,76.18231964111328,77.73643493652344,304,2329,304_2329,train
355,309,509,608425.0,4661650.0,348.864013671875,4.30019998550415,965.012939453125,355.3167724609375,1573.411865234375,0,84.16544342041016,83.952880859375,304,2330,304_2330,train
356,332,433,606525.0,4661075.0,353.6000061035156,1.8373559713363647,452.7692565917969,945.0529174804688,1541.509033203125,0,96.32528686523438,96.88465881347656,303,2330,303_2330,train
357,396,513,608525.0,4659475.0,330.8160095214844,3.6380414962768555,2479.541259765625,664.2665405273438,2912.58056640625,0,92.72391510009766,81.10295867919922,304,2329,304_2329,train
358,442,487,607875.0,4658325.0,325.70758056640625,2.1299445629119873,1346.291259765625,125.0,1595.50146484375,0,76.9901123046875,77.30530548095703,303,2329,303_2329,test
359,345,512,608500.0,4660750.0,390.5560302734375,9.389958381652832,1555.6348876953125,348.209716796875,2316.2470703125,0,73.63056945800781,73.490478515625,304,2330,304_2330,train
360,166,850,616950.0,4665225.0,258.552001953125,0.2632017135620117,437.3213806152344,152.06906127929688,459.6194152832031,1,47.997276306152344,49.62499237060547,308,2332,308_2332,train
361,438,555,609575.0,4658425.0,306.89984130859375,4.3046770095825195,1264.169677734375,175.0,2964.89892578125,0,75.1406478881836,88.21817016601562,304,2329,304_2329,train
362,460,479,607675.0,4657875.0,317.9770202636719,2.517507791519165,860.2325439453125,575.543212890625,1117.1951904296875,0,94.9649887084961,95.3266830444336,303,2328,303_2328,train
363,143,692,613000.0,4665800.0,289.6778869628906,3.838596820831299,925.0,235.8495330810547,1140.449462890625,1,55.380699157714844,53.55158996582031,306,2332,306_2332,train
364,307,482,607750.0,4661700.0,343.66192626953125,2.414384365081787,360.55511474609375,459.6194152832031,1118.033935546875,0,93.1521987915039,100.0,303,2330,303_2330,train
365,263,592,610500.0,4662800.0,348.9061584472656,7.6927571296691895,1150.0,626.4982299804688,3151.5869140625,1,59.230140686035156,64.83863067626953,305,2331,305_2331,train
366,247,624,611300.0,4663200.0,369.131103515625,10.233781814575195,1331.58740234375,910.0137329101562,3959.561279296875,0,79.53244018554688,80.74723815917969,305,2331,305_2331,train
367,332,464,607300.0,4661075.0,355.7920227050781,5.626550197601318,640.3124389648438,822.34423828125,1582.126708984375,0,88.74690246582031,75.23554992675781,303,2330,303_2330,train
368,253,616,611100.0,4663050.0,366.77301025390625,14.076258659362793,1581.33642578125,726.7221069335938,3752.082763671875,1,50.293235778808594,59.105613708496094,305,2331,305_2331,train
369,456,306,603350.0,4657975.0,390.13201904296875,14.317354202270508,1655.4832763671875,617.4544677734375,3008.529541015625,0,71.36528778076172,70.70865631103516,301,2328,301_2328,train
370,371,407,605875.0,4660100.0,383.20343017578125,3.849371910095215,1039.8316650390625,265.7536315917969,2648.702392578125,0,80.58893585205078,86.39706420898438,302,2330,302_2330,train
371,453,577,610125.0,4658050.0,302.5656433105469,5.496379852294922,618.4658203125,103.07764434814453,3254.7080078125,0,69.16112518310547,68.49888610839844,305,2329,305_2329,test
372,471,330,603950.0,4657600.0,356.59600830078125,4.589030742645264,955.2486572265625,425.0,2307.731689453125,0,87.07194519042969,100.0,301,2328,301_2328,train
373,291,501,608225.0,4662100.0,336.2834167480469,1.4654842615127563,480.8846130371094,673.1456298828125,1130.5418701171875,0,97.06903076171875,95.13775634765625,304,2331,304_2331,train
374,175,624,611300.0,4665000.0,316.12066650390625,2.980393886566162,1219.8873291015625,626.996826171875,2831.96044921875,1,65.82744598388672,64.53548431396484,305,2332,305_2332,train
375,451,436,606600.0,4658100.0,328.90826416015625,2.7891013622283936,715.0174560546875,491.17205810546875,880.6957397460938,0,90.99779510498047,87.95079803466797,303,2329,303_2329,test
376,422,552,609500.0,4658825.0,314.5848388671875,6.266085147857666,1535.0081787109375,301.03985595703125,3115.485595703125,0,77.51982116699219,83.33492279052734,304,2329,304_2329,train
377,286,527,608875.0,4662225.0,336.7760009765625,0.9019817113876343,680.0735473632812,492.4429016113281,1660.19580078125,0,97.81818389892578,100.0,304,2331,304_2331,train
378,455,307,603375.0,4658000.0,389.54400634765625,9.940585136413574,1651.70361328125,632.4555053710938,2996.664794921875,0,80.11882781982422,84.31573486328125,301,2329,301_2329,test
379,382,450,606950.0,4659825.0,364.26800537109375,2.5678932666778564,1567.0433349609375,237.1708221435547,2638.655029296875,0,81.7227554321289,89.72183990478516,303,2329,303_2329,test
380,324,452,607000.0,4661275.0,363.48602294921875,14.723653793334961,316.2277526855469,1077.6131591796875,1340.00927734375,0,70.55269622802734,65.69330596923828,303,2330,303_2330,train
381,192,500,608200.0,4664575.0,328.46099853515625,1.0326915979385376,391.3118896484375,859.1420288085938,1830.9833984375,1,68.55422973632812,62.30390167236328,304,2332,304_2332,train
382,442,438,606650.0,4658325.0,334.3934326171875,10.108057022094727,930.3897094726562,534.43896484375,1110.18017578125,0,79.78388977050781,72.30840301513672,303,2329,303_2329,test
383,431,521,608725.0,4658600.0,311.5080261230469,2.098843812942505,1637.833984375,506.21142578125,2371.18115234375,0,95.80231475830078,94.04415130615234,304,2329,304_2329,train
384,373,473,607525.0,4660050.0,366.80401611328125,9.544254302978516,1648.10498046875,246.22145080566406,2626.904052734375,0,68.22256469726562,64.78753662109375,303,2330,303_2330,train
385,413,544,609300.0,4659050.0,324.5049743652344,6.709648132324219,1831.154052734375,340.0367736816406,3099.697509765625,0,78.5825424194336,88.40222930908203,304,2329,304_2329,train
386,388,419,606175.0,4659675.0,369.4800109863281,3.302492618560791,1453.4442138671875,559.0169677734375,2465.38525390625,0,93.39501190185547,100.0,303,2329,303_2329,test
387,479,352,604500.0,4657400.0,343.45001220703125,12.424757957458496,474.3416442871094,604.6693115234375,1723.5501708984375,0,75.15048217773438,81.63822174072266,302,2328,302_2328,train
388,295,436,606600.0,4662000.0,343.07501220703125,3.3849806785583496,25.0,575.0,618.4658203125,0,60.77501678466797,61.698333740234375,303,2331,303_2331,test
389,483,346,604350.0,4657300.0,348.7178955078125,1.0541691780090332,460.97723388671875,761.5773315429688,1826.369384765625,0,97.89165496826172,100.0,302,2328,302_2328,train
390,247,586,610350.0,4663200.0,341.1263732910156,1.3961260318756104,1077.032958984375,546.0082397460938,3012.577880859375,1,68.04542541503906,61.64004135131836,305,2331,305_2331,train
391,413,425,606325.0,4659050.0,356.676025390625,6.424722671508789,1415.3179931640625,848.8963623046875,1829.2757568359375,0,87.15055847167969,88.77521514892578,303,2329,303_2329,test
392,286,497,608125.0,4662225.0,335.64801025390625,0.3239661455154419,350.0,636.3961181640625,977.88037109375,1,69.15935516357422,72.58992004394531,304,2331,304_2331,train
393,203,887,617875.0,4664300.0,260.5680236816406,0.4259215295314789,269.25823974609375,941.0765380859375,695.0719604492188,1,62.27419662475586,54.44248962402344,308,2332,308_2332,train
394,316,471,607475.0,4661475.0,347.0320129394531,8.52171802520752,369.1205749511719,608.2762451171875,1219.1185302734375,0,82.9565658569336,88.10325622558594,303,2330,303_2330,train
395,314,461,607225.0,4661525.0,344.9799499511719,2.1396172046661377,265.7536315917969,863.1338500976562,1127.4971923828125,0,92.86690521240234,95.27593994140625,303,2330,303_2330,train
396,468,455,607075.0,4657675.0,319.14801025390625,2.8562779426574707,505.5937194824219,538.5164794921875,637.37744140625,0,85.22187805175781,77.44937133789062,303,2328,303_2328,train
397,470,332,604000.0,4657625.0,356.09600830078125,1.9878135919570923,937.083251953125,480.8846130371094,2271.83837890625,0,95.06861114501953,89.08074951171875,302,2328,302_2328,train
398,424,373,605025.0,4658775.0,368.4800109863281,4.098935604095459,1226.02001953125,313.2491149902344,2105.498779296875,0,82.46458435058594,84.33191680908203,302,2329,302_2329,test
399,674,781,615225.0,4652525.0,303.01202392578125,1.3647476434707642,3047.9501953125,182.00274658203125,6571.00634765625,1,56.95945358276367,48.21348571777344,307,2326,307_2326,train
400,244,628,611400.0,4663275.0,369.4560241699219,10.31154727935791,1206.7518310546875,1006.2305908203125,4065.09521484375,0,79.37690734863281,88.8400650024414,305,2331,305_2331,train
401,342,448,606900.0,4660825.0,361.5160217285156,2.8038182258605957,750.0,951.9716186523438,1777.814697265625,0,94.39236450195312,86.55229187011719,303,2330,303_2330,train
402,244,588,610400.0,4663275.0,341.1120300292969,0.8301051259040833,1152.443115234375,460.97723388671875,3070.016357421875,1,67.47206115722656,58.71253204345703,305,2331,305_2331,train
403,391,388,605400.0,4659600.0,392.6920166015625,11.332393646240234,1644.6884765625,301.03985595703125,2596.752685546875,0,67.38720703125,72.39411163330078,302,2329,302_2329,test
404,278,520,608700.0,4662425.0,335.489013671875,1.2569515705108643,425.0,251.24688720703125,1431.127197265625,0,85.04844665527344,95.67157745361328,304,2331,304_2331,train
405,429,409,605925.0,4658650.0,355.6080017089844,8.646913528442383,950.3289184570312,469.7073669433594,1518.63427734375,0,81.19154357910156,68.31731414794922,302,2329,302_2329,test
406,492,474,607550.0,4657075.0,314.0840148925781,8.234109878540039,335.4101867675781,625.4998168945312,540.8327026367188,0,72.05259704589844,76.78303527832031,303,2328,303_2328,train
407,332,758,614650.0,4661075.0,294.84002685546875,6.6333441734313965,251.24688720703125,600.0,825.3787231445312,1,54.81351089477539,59.3162956237793,307,2330,307_2330,test
408,366,1048,621900.0,4660225.0,309.5360107421875,5.208023548126221,150.0,1012.4228515625,548.2927856445312,0,65.79127502441406,55.421714782714844,310,2330,310_2330,test
409,242,594,610550.0,4663325.0,341.9000244140625,1.3499045372009277,1309.8187255859375,403.1128845214844,3224.903076171875,1,64.71908569335938,64.48326873779297,305,2331,305_2331,train
410,298,430,606450.0,4661925.0,344.73199462890625,3.7621829509735107,50.0,431.5669250488281,735.2720336914062,0,61.602447509765625,61.171573638916016,303,2330,303_2330,train
411,105,868,617400.0,4666750.0,260.04400634765625,0.03285171464085579,1841.53466796875,530.330078125,1502.7059326171875,1,69.95401000976562,63.24087905883789,308,2333,308_2333,train
412,300,428,606400.0,4661875.0,344.83001708984375,4.665399551391602,35.35533905029297,395.2846984863281,798.8272705078125,0,58.35039520263672,58.34538650512695,303,2330,303_2330,train
413,467,436,606600.0,4657700.0,331.0201110839844,8.644420623779297,400.0,506.21142578125,485.4122009277344,0,69.84646606445312,57.637149810791016,303,2328,303_2328,train
414,267,576,610100.0,4662700.0,347.3529968261719,1.9128212928771973,756.6372680664062,798.8272705078125,2757.26318359375,1,67.32205200195312,64.12525939941406,305,2331,305_2331,train
415,445,307,603375.0,4658250.0,399.2640075683594,12.341818809509277,1820.8857421875,873.2124633789062,3113.278076171875,0,75.31636047363281,66.27838897705078,301,2329,301_2329,test
416,438,372,605000.0,4658425.0,357.1080017089844,5.290612697601318,906.2284545898438,235.8495330810547,1876.8323974609375,0,76.21125030517578,73.17481231689453,302,2329,302_2329,test
417,466,334,604050.0,4657725.0,358.78778076171875,2.4682812690734863,980.1148071289062,575.543212890625,2269.636474609375,0,95.06343841552734,100.0,302,2328,302_2328,train
418,274,549,609425.0,4662525.0,342.0680236816406,1.9896678924560547,269.25823974609375,546.0082397460938,2108.61328125,0,93.45884704589844,98.86357879638672,304,2331,304_2331,train
419,445,916,618600.0,4658250.0,261.86541748046875,4.560854434967041,90.13877868652344,313.2491149902344,2875.108642578125,1,44.83662033081055,49.55533981323242,309,2329,309_2329,train
420,446,432,606500.0,4658225.0,332.0790100097656,4.167037487030029,771.7674560546875,375.0,1000.0,0,85.41592407226562,85.13167572021484,303,2329,303_2329,test
421,319,473,607525.0,4661400.0,353.3960266113281,4.715108871459961,458.9389953613281,550.56787109375,1305.038330078125,0,90.56977844238281,92.83985137939453,303,2330,303_2330,train
422,252,591,610475.0,4663075.0,344.3520202636719,3.4942023754119873,1158.12353515625,650.4805908203125,3128.597900390625,1,65.10811614990234,56.67289733886719,305,2331,305_2331,train
423,454,318,603650.0,4658025.0,378.14801025390625,6.063867092132568,1468.2047119140625,629.48388671875,2763.37646484375,0,87.87226867675781,79.33306884765625,301,2329,301_2329,test
424,426,541,609225.0,4658725.0,314.676025390625,3.26606822013855,1711.9068603515625,525.5949096679688,2835.15869140625,0,93.46786499023438,92.48653411865234,304,2329,304_2329,train
425,315,431,606475.0,4661500.0,350.0487365722656,2.336928606033325,50.0,672.6812133789062,1133.85400390625,0,74.49281311035156,84.49964904785156,303,2330,303_2330,train
426,301,473,607525.0,4661850.0,339.90802001953125,1.5781110525131226,90.13877868652344,726.7221069335938,883.5298461914062,0,76.44359588623047,70.21083068847656,303,2330,303_2330,train
427,296,525,608825.0,4661975.0,343.7510681152344,5.327332973480225,820.0609741210938,715.8910522460938,1710.6285400390625,0,89.3453369140625,89.36723327636719,304,2330,304_2330,train
428,467,451,606975.0,4657700.0,320.140380859375,2.9572463035583496,515.38818359375,515.38818359375,625.0,0,84.71051025390625,83.50690460205078,303,2328,303_2328,train
429,298,488,607900.0,4661925.0,342.94732666015625,6.928359508514404,391.3118896484375,559.0169677734375,1011.4963989257812,0,86.14328002929688,81.1452865600586,303,2330,303_2330,train
430,302,480,607700.0,4661825.0,340.97601318359375,2.0840253829956055,261.0076599121094,583.630859375,983.9334106445312,0,92.18092346191406,59.40439224243164,303,2330,303_2330,train
431,285,465,607325.0,4662250.0,340.59600830078125,0.6412619948387146,125.0,996.242919921875,436.6062316894531,1,49.034507751464844,41.64944076538086,303,2331,303_2331,test
432,320,521,608725.0,4661375.0,352.58465576171875,7.220757007598877,1312.4404296875,575.0,1980.214599609375,0,85.55848693847656,79.81795501708984,304,2330,304_2330,train
433,384,436,606600.0,4659775.0,360.34002685546875,7.5973219871521,1448.4906005859375,588.4301147460938,2551.9599609375,0,84.80535888671875,77.56005859375,303,2329,303_2329,test
434,494,502,608250.0,4657025.0,305.92401123046875,5.374308109283447,50.0,749.1661987304688,1130.5418701171875,0,68.41805267333984,63.03486251831055,304,2328,304_2328,train
435,230,676,612600.0,4663625.0,333.5680236816406,8.304522514343262,506.21142578125,1079.64111328125,3244.2255859375,1,58.3736686706543,56.363182067871094,306,2331,306_2331,train
436,199,495,608075.0,4664400.0,330.97601318359375,9.496135711669922,182.00274658203125,976.2811889648438,1615.936279296875,1,49.822235107421875,54.58643341064453,304,2332,304_2332,train
437,258,711,613475.0,4662925.0,337.2320251464844,4.003540992736816,1608.7650146484375,237.1708221435547,2249.72216796875,0,78.8514633178711,82.64434051513672,306,2331,306_2331,train
438,374,444,606800.0,4660025.0,370.530029296875,6.962303638458252,1317.43115234375,395.2846984863281,2575.0,0,80.83963012695312,71.75790405273438,303,2330,303_2330,train
439,328,470,607450.0,4661175.0,357.9200134277344,6.16425895690918,642.7479858398438,649.0377197265625,1505.1993408203125,0,87.6714859008789,100.0,303,2330,303_2330,train
440,245,545,609325.0,4663250.0,348.9960021972656,3.930739402770996,425.0,127.4754867553711,2001.5618896484375,1,51.45860290527344,52.307151794433594,304,2331,304_2331,train
441,276,513,608525.0,4662475.0,335.5190124511719,1.3570278882980347,250.0,206.15528869628906,1249.4998779296875,1,54.898929595947266,63.60935974121094,304,2331,304_2331,train
442,336,433,606525.0,4660975.0,356.96002197265625,4.07396936416626,474.3416442871094,1009.0217895507812,1640.5029296875,0,91.85206604003906,100.0,303,2330,303_2330,train
443,456,383,605275.0,4657975.0,341.9580078125,7.312851428985596,388.1043701171875,304.13812255859375,1380.4437255859375,0,75.58120727539062,80.82865905761719,302,2328,302_2328,train
444,483,366,604850.0,4657300.0,339.62908935546875,1.560941457748413,403.1128845214844,577.1697998046875,1364.0472412109375,0,96.87812042236328,97.43881225585938,302,2328,302_2328,train
445,379,495,608075.0,4659900.0,348.0985107421875,6.326689720153809,2046.03271484375,592.6634521484375,2901.400634765625,0,87.34661865234375,92.20529174804688,304,2329,304_2329,train
446,355,410,605950.0,4660500.0,366.0789794921875,8.724984169006348,632.949462890625,626.4982299804688,2245.272705078125,0,82.55003356933594,89.31307983398438,302,2330,302_2330,train
447,419,524,608800.0,4658900.0,316.1280212402344,2.9709513187408447,1946.9527587890625,777.8174438476562,2634.031982421875,0,94.05809783935547,85.9780502319336,304,2329,304_2329,train
448,211,856,617100.0,4664100.0,257.98602294921875,0.2076583206653595,539.6758422851562,926.350341796875,530.330078125,1,61.49005126953125,56.837589263916016,308,2332,308_2332,train
449,387,524,608800.0,4659700.0,339.8680114746094,6.06935977935791,2565.638427734375,350.0,3252.403076171875,0,80.36128234863281,80.69140625,304,2329,304_2329,train
450,282,532,609000.0,4662325.0,341.8000183105469,1.5736244916915894,555.090087890625,477.62432861328125,1747.3193359375,0,95.73396301269531,87.86006164550781,304,2331,304_2331,train
451,344,512,608500.0,4660775.0,389.9736328125,3.100452184677124,1538.058837890625,371.6517333984375,2295.23974609375,0,87.38168334960938,96.16881561279297,304,2330,304_2330,train
452,443,439,606675.0,4658300.0,332.4537658691406,8.644505500793457,922.2933349609375,555.090087890625,1089.1510009765625,0,82.71099090576172,72.38140106201172,303,2329,303_2329,test
453,332,486,607850.0,4661075.0,364.9280090332031,5.584993362426758,896.1724243164062,353.55340576171875,1723.5501708984375,0,81.50768280029297,75.66901397705078,303,2330,303_2330,train
454,300,490,607950.0,4661875.0,344.31201171875,2.4329471588134766,458.9389953613281,492.4429016113281,1081.9542236328125,0,94.75625610351562,92.04472351074219,303,2330,303_2330,train
455,400,497,608125.0,4659375.0,341.2320251464844,5.422303676605225,2388.12158203125,958.1884155273438,2627.3798828125,0,89.1553955078125,82.27677917480469,304,2329,304_2329,train
456,419,429,606425.0,4658900.0,346.8061218261719,9.503377914428711,1309.8187255859375,738.664306640625,1675.1865234375,0,80.99324798583984,71.72843933105469,303,2329,303_2329,test
457,377,437,606625.0,4659950.0,365.6960144042969,6.7237772941589355,1297.35302734375,552.26806640625,2652.946533203125,0,86.55244445800781,85.84329223632812,303,2329,303_2329,test
458,325,624,611300.0,4661250.0,379.9120178222656,9.102158546447754,1650.0,608.789794921875,4179.78759765625,0,81.7956771850586,73.11829376220703,305,2330,305_2330,train
459,437,547,609375.0,4658450.0,311.1058349609375,3.285240650177002,1457.7379150390625,213.60009765625,2804.014892578125,0,79.10952758789062,80.62715148925781,304,2329,304_2329,train
460,418,359,604675.0,4658925.0,378.7282409667969,8.171777725219727,1498.541015625,235.8495330810547,2457.259765625,0,70.44892120361328,58.945884704589844,302,2329,302_2329,test
461,284,490,607950.0,4662275.0,336.7080078125,1.7369111776351929,247.4873809814453,742.0410766601562,805.0621337890625,1,61.09367370605469,50.08631896972656,303,2331,303_2331,test
462,453,473,607525.0,4658050.0,323.1360168457031,2.0270614624023438,942.4038696289062,561.8051147460938,1175.265869140625,0,95.94587707519531,85.24351501464844,303,2329,303_2329,test
463,328,495,608075.0,4661175.0,361.916015625,4.267333984375,954.5941772460938,152.06906127929688,1733.8541259765625,0,74.06878662109375,93.9447250366211,304,2330,304_2330,train
464,381,427,606375.0,4659850.0,368.072021484375,8.89416217803955,1309.8187255859375,704.0064086914062,2626.0712890625,0,82.211669921875,86.5465316772461,303,2329,303_2329,test
465,487,483,607775.0,4657200.0,309.56402587890625,2.348947525024414,340.0367736816406,855.8621215820312,797.2609252929688,0,90.23362731933594,84.62937927246094,303,2328,303_2328,train
466,303,506,608350.0,4661800.0,343.74639892578125,4.98640775680542,800.3905029296875,425.0,1415.980224609375,0,86.27718353271484,82.53498840332031,304,2330,304_2330,train
467,321,538,609150.0,4661350.0,361.6920166015625,7.885269641876221,1435.7054443359375,879.2752685546875,2320.021484375,0,84.22946166992188,79.02622985839844,304,2330,304_2330,train
468,281,558,609650.0,4662350.0,349.9360046386719,4.496450424194336,535.0233764648438,794.1190185546875,2364.8466796875,1,63.70497131347656,62.04066848754883,304,2331,304_2331,train
469,334,608,610900.0,4661025.0,373.35101318359375,11.820409774780273,2057.4560546875,458.9389953613281,3991.945068359375,0,74.3061294555664,73.44127655029297,305,2330,305_2330,train
470,293,424,606300.0,4662050.0,347.80401611328125,1.627341628074646,50.0,279.50848388671875,686.4765014648438,0,57.04932403564453,54.702396392822266,303,2331,303_2331,test
471,435,440,606700.0,4658500.0,330.0372009277344,2.1793854236602783,1107.3616943359375,637.37744140625,1290.5909423828125,0,95.64122772216797,100.0,303,2329,303_2329,test
472,442,482,607750.0,4658325.0,327.29296875,13.339673042297363,1285.7391357421875,237.1708221435547,1526.4337158203125,0,60.17919921875,69.95841979980469,303,2329,303_2329,test
473,304,501,608225.0,4661775.0,342.9909973144531,2.3204994201660156,749.1661987304688,357.9455261230469,1343.5029296875,0,88.25627899169922,98.95257568359375,304,2330,304_2330,train
474,453,915,618575.0,4658050.0,261.4814147949219,4.697965145111084,175.0,254.9509735107422,2954.76318359375,0,67.93495178222656,72.88162231445312,309,2329,309_2329,train
475,306,524,608800.0,4661725.0,347.1800231933594,2.320645332336426,1017.6566162109375,715.8910522460938,1816.76220703125,0,95.35871124267578,99.96497344970703,304,2330,304_2330,train
476,377,418,606150.0,4659950.0,373.4520263671875,2.718233823776245,1177.3912353515625,475.6574401855469,2717.07568359375,0,93.34640502929688,89.31411743164062,303,2329,303_2329,test
477,245,508,608400.0,4663250.0,333.1960144042969,0.36432236433029175,50.0,431.5669250488281,1099.1473388671875,1,52.51145553588867,45.260154724121094,304,2331,304_2331,train
478,271,597,610625.0,4662600.0,351.4819030761719,3.121617078781128,1290.5909423828125,391.3118896484375,3288.711669921875,1,61.825653076171875,58.33502960205078,305,2331,305_2331,train
479,260,591,610475.0,4662875.0,347.44000244140625,5.856256484985352,1127.4971923828125,704.4501342773438,3125.10009765625,1,61.801239013671875,59.58403396606445,305,2331,305_2331,train
480,333,569,609925.0,4661050.0,378.59002685546875,1.8632205724716187,1826.369384765625,270.4163513183594,3127.399169921875,0,84.79438018798828,76.53215026855469,304,2330,304_2330,train
481,446,374,605050.0,4658225.0,354.58001708984375,6.472131729125977,704.4501342773438,190.3943328857422,1710.26318359375,0,71.57545471191406,86.07978057861328,302,2329,302_2329,test
482,475,451,606975.0,4657500.0,317.4781188964844,3.7256128787994385,340.0367736816406,340.0367736816406,436.6062316894531,0,70.46576690673828,63.14610290527344,303,2328,303_2328,train
483,339,470,607450.0,4660900.0,366.87451171875,11.517870903015137,870.7037353515625,770.1461181640625,1775.528076171875,0,76.9642562866211,56.95539474487305,303,2330,303_2330,train
484,348,564,609800.0,4660675.0,390.25201416015625,5.239738941192627,2153.050048828125,548.2927856445312,3248.942138671875,0,89.52052307128906,79.85671997070312,304,2330,304_2330,train
485,242,685,612825.0,4663325.0,346.6200256347656,5.954770565032959,880.6957397460938,933.40771484375,2988.519775390625,1,61.66332244873047,52.41838836669922,306,2331,306_2331,train
486,166,625,611325.0,4665225.0,310.0050048828125,1.8010441064834595,1090.011474609375,400.7804870605469,2666.692626953125,1,64.005859375,63.951568603515625,305,2332,305_2332,train
487,275,725,613825.0,4662500.0,320.84002685546875,6.138395309448242,1475.84716796875,515.38818359375,1817.2781982421875,0,87.72320556640625,100.0,306,2331,306_2331,train
488,309,536,609100.0,4661650.0,348.7120361328125,3.0572669506073,1147.2794189453125,903.1195678710938,2109.502197265625,0,93.88546752929688,100.0,304,2330,304_2330,train
489,370,1043,621775.0,4660125.0,306.23699951171875,7.817277431488037,254.9509735107422,1040.73291015625,617.4544677734375,0,71.04772186279297,68.38114929199219,310,2330,310_2330,test
490,454,435,606575.0,4658025.0,330.3520202636719,5.155928611755371,640.3124389648438,492.4429016113281,803.5079345703125,0,84.39797973632812,83.73443603515625,303,2329,303_2329,test
491,469,436,606600.0,4657650.0,329.072021484375,8.879270553588867,350.0,459.6194152832031,436.6062316894531,0,66.13758087158203,63.312034606933594,303,2328,303_2328,train
492,299,485,607825.0,4661900.0,343.8834228515625,8.029950141906738,340.0367736816406,570.6356201171875,985.2030029296875,0,83.57017517089844,80.20777893066406,303,2330,303_2330,train
493,425,542,609250.0,4658750.0,316.6520080566406,8.604613304138184,1702.3880615234375,534.43896484375,2870.21337890625,0,82.790771484375,85.46605682373047,304,2329,304_2329,train
494,291,516,608600.0,4662100.0,341.4640197753906,3.50417423248291,592.6634521484375,575.0,1453.4442138671875,0,92.99165344238281,89.36149597167969,304,2331,304_2331,train
495,297,666,612350.0,4661950.0,347.46002197265625,13.371414184570312,921.9544677734375,127.4754867553711,3238.054931640625,0,54.63094711303711,46.4609489440918,306,2330,306_2330,train
496,184,886,617850.0,4664775.0,260.71337890625,0.12758201360702515,520.21630859375,626.996826171875,406.97052001953125,1,59.4433708190918,60.747833251953125,308,2332,308_2332,train
497,472,396,605600.0,4657575.0,329.8760070800781,4.938601970672607,79.05693817138672,716.3274536132812,894.4271850585938,0,69.0715560913086,68.7221450805664,302,2328,302_2328,train
498,472,481,607725.0,4657575.0,315.02801513671875,5.22012186050415,680.0735473632812,822.34423828125,945.0529174804688,0,88.18608093261719,75.89398193359375,303,2328,303_2328,train
499,276,500,608200.0,4662475.0,334.91802978515625,0.23007358610630035,111.80339813232422,425.0,941.0765380859375,1,55.043601989746094,67.58019256591797,304,2331,304_2331,train
500,419,508,608400.0,4658900.0,326.48529052734375,2.336439609527588,1900.1644287109375,620.9871215820312,2370.258544921875,0,95.32711791992188,88.1360855102539,304,2329,304_2329,train
501,323,488,607900.0,4661300.0,355.89825439453125,6.171242713928223,743.303466796875,182.00274658203125,1542.9273681640625,0,71.75765228271484,85.929931640625,303,2330,303_2330,train
502,323,483,607775.0,4661300.0,354.0308532714844,4.169724464416504,665.6763305664062,304.13812255859375,1487.6575927734375,0,81.8674545288086,81.44867706298828,303,2330,303_2330,train
503,423,455,607075.0,4658800.0,334.25604248046875,4.257387161254883,1560.64892578125,975.0,1676.305419921875,0,91.4852294921875,99.86250305175781,303,2329,303_2329,test
504,313,508,608400.0,4661550.0,352.2920227050781,3.1564924716949463,1012.4228515625,279.50848388671875,1626.3455810546875,0,82.66243743896484,72.15872192382812,304,2330,304_2330,train
505,312,503,608275.0,4661575.0,345.7920227050781,3.5601859092712402,886.7073974609375,195.25624084472656,1521.923095703125,0,77.64244079589844,95.96532440185547,304,2330,304_2330,train
506,174,626,611350.0,4665025.0,314.23602294921875,2.349438190460205,1229.0748291015625,600.0,2778.1513671875,1,66.71078491210938,75.96379852294922,305,2332,305_2332,train
507,316,533,609025.0,4661475.0,357.468017578125,7.129465579986572,1334.1663818359375,876.4274291992188,2145.052490234375,0,85.7410659790039,77.00243377685547,304,2330,304_2330,train
508,310,451,606975.0,4661625.0,342.7720031738281,4.422824859619141,35.35533905029297,1021.3348999023438,990.5806274414062,0,68.86514282226562,68.38484191894531,303,2330,303_2330,train
509,328,458,607150.0,4661175.0,350.864013671875,3.20862078666687,471.6990661621094,941.4085083007812,1467.35302734375,0,93.58275604248047,88.1917724609375,303,2330,303_2330,train
510,335,435,606575.0,4661000.0,354.9800109863281,3.927337646484375,515.38818359375,1030.7763671875,1609.5418701171875,0,92.14532470703125,92.55904388427734,303,2330,303_2330,train
511,427,428,606400.0,4658700.0,337.8822326660156,3.761876106262207,1118.033935546875,548.8624877929688,1475.84716796875,0,92.47624969482422,88.14146423339844,303,2329,303_2329,test
512,358,536,609100.0,4660425.0,363.8990173339844,9.910271644592285,2213.1708984375,676.8493041992188,2932.255859375,0,80.17945861816406,77.28204345703125,304,2330,304_2330,train
513,265,573,610025.0,4662750.0,346.2400207519531,1.6802470684051514,676.8493041992188,782.623779296875,2679.202392578125,1,67.64765930175781,63.8509635925293,305,2331,305_2331,train
514,466,463,607275.0,4657725.0,317.6005554199219,1.789034366607666,559.0169677734375,680.0735473632812,771.7674560546875,0,90.71611022949219,85.53933715820312,303,2328,303_2328,train
515,436,472,607500.0,4658475.0,330.0780029296875,14.638222694396973,1340.00927734375,477.62432861328125,1542.9273681640625,0,69.60477447509766,64.00564575195312,303,2329,303_2329,test
516,292,459,607175.0,4662075.0,340.864013671875,1.3778629302978516,90.13877868652344,930.3897094726562,575.543212890625,1,48.40109634399414,52.99212646484375,303,2331,303_2331,test
517,441,419,606175.0,4658350.0,346.1440124511719,6.027451515197754,705.7797241210938,134.62911987304688,1158.12353515625,0,69.67655181884766,61.554073333740234,303,2329,303_2329,test
518,329,758,614650.0,4661150.0,296.1920166015625,13.704397201538086,325.9601135253906,602.0797119140625,831.0385131835938,0,68.3671646118164,72.9153060913086,307,2330,307_2330,test
519,322,537,609125.0,4661325.0,362.62701416015625,7.7459259033203125,1463.7281494140625,910.0137329101562,2315.437255859375,0,84.50814819335938,100.0,304,2330,304_2330,train
520,479,333,604025.0,4657400.0,355.1120300292969,3.4887194633483887,770.1461181640625,450.0,2166.218017578125,0,90.5225601196289,94.9977035522461,302,2328,302_2328,train
521,304,536,609100.0,4661775.0,349.21270751953125,5.960246562957764,1025.0,921.9544677734375,2047.1015625,0,88.07950592041016,84.01226043701172,304,2330,304_2330,train
522,355,553,609525.0,4660500.0,382.14202880859375,5.968821048736572,2283.774169921875,673.1456298828125,3164.352294921875,0,88.0623550415039,85.33062744140625,304,2330,304_2330,train
523,346,436,606600.0,4660725.0,371.21875,12.453630447387695,660.0189208984375,1005.6092529296875,1880.990478515625,0,75.09273529052734,75.95410919189453,303,2330,303_2330,train
524,298,757,614625.0,4661925.0,309.35601806640625,10.230344772338867,825.3787231445312,176.77670288085938,1035.91748046875,0,63.378143310546875,66.29043579101562,307,2330,307_2330,test
525,351,460,607200.0,4660600.0,379.12603759765625,7.245619773864746,1020.1102905273438,654.3126220703125,2039.6077880859375,0,85.5087661743164,92.23100280761719,303,2330,303_2330,train
526,366,539,609175.0,4660225.0,355.0160217285156,4.04200553894043,2404.423095703125,475.6574401855469,3135.482421875,0,90.69886016845703,85.21511840820312,304,2330,304_2330,train
527,296,428,606400.0,4661975.0,347.4420166015625,2.4553613662719727,100.0,375.8323974609375,705.7797241210938,0,64.85872650146484,73.0267333984375,303,2330,303_2330,train
528,255,547,609375.0,4663000.0,342.3143615722656,7.741182327270508,182.00274658203125,111.80339813232422,2026.388427734375,0,55.27470016479492,62.5859375,304,2331,304_2331,train
529,486,365,604825.0,4657225.0,340.1720275878906,1.1857681274414062,325.9601135253906,654.3126220703125,1355.774658203125,0,97.62847137451172,85.12854766845703,302,2328,302_2328,train
530,310,505,608325.0,4661625.0,347.4560241699219,4.368709564208984,908.9829711914062,265.7536315917969,1520.279541015625,0,79.55026245117188,87.25749969482422,304,2330,304_2330,train
531,334,472,607500.0,4661025.0,365.7760314941406,6.4648518562316895,800.3905029296875,660.4922485351562,1662.2650146484375,0,87.07029724121094,86.21463775634766,303,2330,303_2330,train
532,364,544,609300.0,4660275.0,358.302001953125,9.423179626464844,2462.34130859375,514.781494140625,3175.3935546875,0,81.15364074707031,68.7271499633789,304,2330,304_2330,train
533,492,487,607875.0,4657075.0,308.35601806640625,0.7049244046211243,200.0,950.3289184570312,806.2257690429688,0,85.41246032714844,94.45487213134766,303,2328,303_2328,train
534,391,455,607075.0,4659600.0,357.4530029296875,7.277431964874268,1823.629638671875,316.2277526855469,2443.614013671875,0,76.25652313232422,80.36827087402344,303,2329,303_2329,test
535,378,404,605800.0,4659925.0,385.64990234375,4.783672332763672,1225.7650146484375,125.0,2777.138916015625,0,71.68265533447266,70.80689239501953,302,2329,302_2329,test
536,493,489,607925.0,4657050.0,308.11602783203125,0.5142867565155029,158.11387634277344,955.2486572265625,838.5255126953125,0,83.1107177734375,82.23321533203125,303,2328,303_2328,train
537,396,401,605725.0,4659475.0,376.40802001953125,7.236848831176758,1681.7030029296875,452.7692565917969,2363.921630859375,0,83.16476440429688,80.79718017578125,302,2329,302_2329,test
538,346,468,607400.0,4660725.0,406.77825927734375,14.944596290588379,986.1541748046875,781.4249877929688,1941.1658935546875,0,70.11080932617188,69.24854278564453,303,2330,303_2330,train
539,349,421,606225.0,4660650.0,363.3970031738281,7.306387424468994,498.1214599609375,905.883544921875,2019.436767578125,0,85.38722229003906,100.0,303,2330,303_2330,train
540,340,462,607250.0,4660875.0,365.4200134277344,7.253478527069092,782.623779296875,925.3377685546875,1777.814697265625,0,85.49304962158203,80.21543884277344,303,2330,303_2330,train
541,636,785,615325.0,4653475.0,293.3000183105469,0.7782351970672607,2496.49755859375,335.4101867675781,5616.10400390625,1,63.14982604980469,64.84949493408203,307,2326,307_2326,train
542,407,516,608600.0,4659200.0,323.44000244140625,2.5534777641296387,2211.475830078125,743.303466796875,2730.041259765625,0,94.8930435180664,100.0,304,2329,304_2329,train
543,352,410,605950.0,4660575.0,362.10400390625,5.9074788093566895,559.0169677734375,693.271240234375,2174.42529296875,0,88.18504333496094,93.5900650024414,302,2330,302_2330,train
544,381,451,606975.0,4659850.0,365.5760192871094,4.749467849731445,1560.64892578125,206.15528869628906,2667.630126953125,0,75.80883026123047,72.35150146484375,303,2329,303_2329,test
545,247,625,611325.0,4663200.0,369.15093994140625,9.678030967712402,1312.4404296875,917.1968383789062,3984.501220703125,0,80.64393615722656,80.42378997802734,305,2331,305_2331,train
546,287,733,614025.0,4662200.0,314.3162536621094,4.077388763427734,1290.5909423828125,498.1214599609375,1600.0,0,91.75129699707031,100.0,307,2331,307_2331,test
547,378,425,606325.0,4659925.0,365.90802001953125,5.998852252960205,1225.7650146484375,650.0,2702.89208984375,0,88.0022964477539,79.5390625,303,2329,303_2329,test
548,407,473,607525.0,4659200.0,339.99200439453125,2.7144529819488525,2055.0244140625,743.303466796875,2214.158935546875,0,94.57109832763672,88.20480346679688,303,2329,303_2329,test
549,231,488,607900.0,4663600.0,332.5840148925781,1.0608633756637573,90.13877868652344,759.111328125,870.7037353515625,1,54.01020050048828,53.131038665771484,303,2331,303_2331,test
550,268,588,610400.0,4662675.0,357.0080261230469,4.068324089050293,1057.414306640625,570.0877075195312,3058.287841796875,1,64.3043441772461,63.37580108642578,305,2331,305_2331,train
